,aa,aggreprot_score,aggreprot_bin,aggrescan_score,aggrescan_bin,APPNN_score,APPNN_bin,ArchCandy_score,ArchCandy_bin,cross-beta-predictor_score,cross-beta-predictor_bin,pasta_score,pasta_bin,PATH_score,PATH_bin,waltz_score,waltz_bin
0,335,0.12610267949185244,0,0.36629526462395545,0,0.0477848718762887,0,0.0,0,1.0,1,0.27158213067860426,0,0.1715395482214481,0,0.0,0
1,335,0.1606382870286459,0,0.36629526462395545,0,0.0477848718762887,0,0.593886462882096,1,0.9993432159121852,1,0.3177782132294713,0,0.19924941005339752,0,0.0,0
2,335,0.2804392548559126,0,0.36629526462395545,0,0.10239789183277197,0,0.593886462882096,1,0.9598657036843784,1,0.43016629765502534,0,0.23403905242026343,0,0.0,0
3,335,0.38094101393845037,1,0.36629526462395545,0,0.15285072468049107,0,0.593886462882096,1,0.9401269475704751,1,0.5740955847891785,1,0.2936013610588974,0,0.0,0
4,335,0.39510642181334205,1,0.36629526462395545,0,0.15285072468049107,0,0.593886462882096,1,0.9169009319549856,1,0.5795610646928584,1,0.2729524013104719,0,0.0,0
5,335,0.47435646973772744,1,0.58008356545961,1,0.9710344948125457,1,0.593886462882096,1,0.9080155116412519,1,0.5977784556458781,1,0.2935712933704092,0,0.0,0
6,335,0.4858350538617185,1,0.48885793871866295,1,0.9710344948125457,1,0.593886462882096,1,0.8870464840841608,1,0.5923137837968873,1,0.30738573779844197,0,0.0,0
7,335,0.4593023830955492,1,0.44428969359331477,1,0.9710344948125457,1,0.593886462882096,1,0.8712440415115646,1,0.5894801380157408,1,0.3093101222215159,0,0.0,0
8,335,0.37866394536560627,1,0.6183844011142061,1,0.9710344948125457,1,0.593886462882096,1,0.862972271786614,1,0.5588720364594275,1,0.3115347974009226,0,0.0,0
9,335,0.2684021476138952,0,0.48398328690807796,1,0.9710344948125457,1,0.593886462882096,1,0.8597616051597338,1,0.5383607802576078,0,0.2763864268555495,0,0.0,0
10,335,0.19506010008286886,0,0.46448467966573814,1,0.9710344948125457,1,0.593886462882096,1,0.8575179693853149,1,0.5436991935614203,1,0.2840277088530457,0,0.0,0
11,335,0.05255141345450056,0,0.4505571030640669,1,0.5387613540528928,1,0.593886462882096,1,0.8467013313651135,1,0.5362109507571472,0,0.25642817668332113,0,0.0,0
12,335,0.029307158290091822,0,0.5856545961002786,1,0.07732974054824662,0,0.593886462882096,1,0.847506715234941,1,0.5468150524427493,1,0.27341864021064494,0,0.0,0
13,335,0.06387759724242903,0,0.4742339832869081,1,0.07732974054824662,0,0.593886462882096,1,0.8489429530418847,1,0.5888595520144804,1,0.30388239085802476,0,0.0,0
14,335,0.06741243865648314,0,0.47841225626740946,1,0.07732974054824662,0,0.593886462882096,1,0.8498884567508964,1,0.5903774827480323,1,0.3188073122819973,0,0.0,0
15,335,0.07373595549696353,0,0.5097493036211699,1,0.07732974054824662,0,0.593886462882096,1,0.8507914444010591,1,0.6056210304313395,1,0.34857456304225887,0,0.0,0
16,335,0.10973001349146755,0,0.3969359331476323,0,0.07732974054824662,0,0.8224163027656476,1,0.858598087365527,1,0.6534651405207104,1,0.37559545712186754,0,0.0,0
17,335,0.12164202153047433,0,0.541782729805014,1,0.07732974054824662,0,0.8224163027656476,1,0.8622851152486187,1,0.6621216283918094,1,0.3897042501719922,0,0.0,0
18,335,0.11872243305743127,0,0.5376044568245125,1,0.057799679551641815,0,0.8224163027656476,1,0.8624167389972873,1,0.6562856554131584,1,0.36887347745045934,0,0.0,0
19,335,0.08201035478118297,0,0.403899721448468,1,0.057799679551641815,0,0.8224163027656476,1,0.8623460206091453,1,0.6478705738804401,1,0.33606394230363895,0,0.0,0
20,335,0.07916128729123192,0,0.403899721448468,1,0.11429250883207061,0,0.8224163027656476,1,0.8618928675095898,1,0.6414917901643584,1,0.31047882962621026,0,0.0,0
21,335,0.07078932045174577,0,0.4233983286908078,1,0.11429250883207061,0,0.8224163027656476,1,0.8612607736960965,1,0.6408659518076183,1,0.26518729981529354,0,0.0,0
22,335,0.036936655090544494,0,0.43662952646239556,1,0.11429250883207061,0,0.8224163027656476,1,0.8605994184419372,1,0.6500519175137773,1,0.2348166934816703,0,0.0,0
23,335,0.025325944775030796,0,0.21935933147632308,0,0.11429250883207061,0,0.8224163027656476,1,0.8599931761256235,1,0.6485295424794351,1,0.18876082908428457,0,0.0,0
24,335,0.030732514826415088,0,0.3447075208913649,0,0.11429250883207061,0,0.8224163027656476,1,0.858082217745449,1,0.6510773389142976,1,0.18340725967212423,0,0.0,0
25,335,0.11337047471910357,0,0.5243732590529249,1,0.11429250883207061,0,0.8224163027656476,1,0.8563182561637498,1,0.6618963831472114,1,0.2152722326101899,0,0.0,0
26,335,0.22885317148492293,0,0.5243732590529249,1,0.047725190864989324,0,0.8224163027656476,1,0.8578217605860904,1,0.736971936260646,1,0.25689545833273425,0,0.0,0
27,335,0.41643557149056065,1,0.6420612813370473,1,0.9751076596672603,1,0.8224163027656476,1,0.8593043540122954,1,0.9467633369426443,1,0.36241932220018497,0,0.0,0
28,335,0.602408517821931,1,0.4484679665738162,1,0.9751076596672603,1,0.8224163027656476,1,0.8607055746242179,1,0.9490812418184462,1,0.4369644861005618,0,1.0,1
29,335,0.7925017387356508,1,0.415041782729805,1,0.9751076596672603,1,0.8224163027656476,1,0.863637804084568,1,0.9758377506989673,1,0.5400813640937788,1,1.0,1
30,335,0.7897237609872017,1,0.41225626740947074,1,0.9751076596672603,1,0.8224163027656476,1,0.8646749267678854,1,0.9765450005656382,1,0.5816390848265971,1,1.0,1
31,335,0.706242669835499,1,0.5571030640668524,1,0.9751076596672603,1,0.8224163027656476,1,0.8649841507530525,1,0.9715189003991789,1,0.5775404174255157,1,1.0,1
32,335,0.5965946966571836,1,0.7311977715877438,1,0.9751076596672603,1,0.8224163027656476,1,0.8629265117545093,1,0.9701902564765582,1,0.5811751200416243,1,1.0,1
33,335,0.41226073110569494,1,0.5146239554317549,1,0.801550982392801,1,0.8224163027656476,1,0.854356637599975,1,0.9443765454045928,1,0.5149901650188234,1,1.0,1
34,335,0.23312898795435796,0,0.7179665738161559,1,0.801550982392801,1,0.6128093158660843,1,0.8465381829120052,1,0.917663267449941,1,0.50429321351899,1,0.0,0
35,335,0.056559656507562735,0,0.5201949860724234,0,0.08966396010441172,0,0.0,0,0.8433737796766504,1,0.9155788903793008,1,0.4914115450795797,1,0.0,0
36,335,0.17094027077028995,0,0.4923398328690808,1,0.860927829766688,1,1.0,1,0.8446811601544374,1,0.954500662604845,1,0.5331250128847663,1,0.0,0
37,335,0.27178024775814974,0,0.5522284122562674,1,0.860927829766688,1,1.0,1,0.8486337417013433,1,0.9599675566042308,1,0.5759928251234839,1,0.993197282163219,1
38,335,0.3451993861915124,1,0.5383008356545961,1,0.860927829766688,1,1.0,1,0.8503892828544772,1,0.9601229051182183,1,0.5775618770754927,1,0.993197282163219,1
39,335,0.5210751591397975,1,0.6935933147632313,1,0.9487359726693941,1,1.0,1,0.8562683237682102,1,0.9633985568143251,1,0.666701801466849,1,0.993197282163219,1
40,335,0.6882936804759454,1,0.8676880222841226,1,0.9487359726693941,1,1.0,1,0.8621978126184621,1,0.964514278326357,1,0.7116182069894554,1,0.993197282163219,1
41,335,0.8649037781949755,1,1.0,1,0.9538403166091082,1,1.0,1,0.8640014464631259,1,0.9677075084441715,1,0.8172099744933428,1,0.993197282163219,1
42,335,0.9195891265661372,1,0.8105849582172702,1,0.9567396586567544,1,1.0,1,0.8617206537591604,1,0.9694316951371267,1,0.8665659977115866,1,0.993197282163219,1
43,335,1.0,1,0.7688022284122563,1,0.9607304550484519,1,1.0,1,0.8591555181402732,1,0.9708657901966804,1,0.9326025396784846,1,0.993197282163219,1
44,335,0.9730942862924518,1,0.7688022284122563,1,0.9607304550484519,1,1.0,1,0.8605115630416715,1,0.9675685230376392,1,1.0,1,0.993197282163219,1
45,335,0.7993744533949866,1,0.6629526462395543,1,0.9607304550484519,1,1.0,1,0.8539346371671682,1,0.9579552984145966,1,0.9310209316751867,1,0.993197282163219,1
46,335,0.6234186142256422,1,0.7353760445682452,1,0.9607304550484519,1,1.0,1,0.8438048662257636,1,0.9442254391777235,1,0.8739423771287331,1,0.993197282163219,1
47,335,0.44276057940089486,1,0.5967966573816156,1,0.9607304550484519,1,1.0,1,0.8304867175833653,1,0.7799434765744946,1,0.7172811686727867,1,0.993197282163219,1
48,335,0.27150038560211304,0,0.504874651810585,1,0.9607304550484519,1,1.0,1,0.8156092690849471,1,0.7457813484816651,1,0.595649728649639,1,0.993197282163219,1
49,335,0.09655018199655206,0,0.34540389972144847,0,0.8030441389900231,1,1.0,1,0.7953366430846999,1,0.5273977002763547,0,0.43655259186212064,0,0.0,0
50,335,0.0716669365734514,0,0.383008356545961,0,0.6152859264952214,1,1.0,1,0.7779405977348065,1,0.46615220518124656,0,0.32506681831197576,0,0.0,0
51,335,0.14250989138727094,0,0.25974930362116994,0,0.6152859264952214,1,1.0,1,0.7634119606831721,1,0.44002981721802936,0,0.27379763427521603,0,0.0,0
52,335,0.2219406552434685,0,0.11490250696378829,0,0.10179105689341475,0,1.0,1,0.7496448405250226,1,0.39647183121353646,0,0.21528562783404503,0,0.0,0
53,335,0.2594561425096528,0,0.1831476323119777,0,0.04442036314340224,0,1.0,1,0.7346284460116388,1,0.3465889991434621,0,0.21402552359997398,0,0.0,0
54,335,0.32837357974652337,1,0.21030640668523676,0,0.04442036314340224,0,1.0,1,0.7207319956889603,1,0.3626935290980494,0,0.22647385755847432,0,0.0,0
55,335,0.42131461185294333,1,0.26740947075208915,0,0.029192328144198004,0,1.0,1,0.7078561224093005,1,0.3971699904649546,0,0.2831149616149975,0,0.0,0
56,335,0.4284675358825776,1,0.2841225626740947,0,0.029192328144198004,0,1.0,1,0.6942447575252851,1,0.40443662427073057,0,0.28019723138116914,0,0.0,0
57,335,0.36609805550597024,1,0.20473537604456823,0,0.029192328144198004,0,1.0,1,0.6816585558603347,1,0.4050824619810268,0,0.27983094175446005,0,0.0,0
58,335,0.29597515941734404,0,0.18732590529247908,0,0.029192328144198004,0,1.0,1,0.6667210276921006,1,0.417526706207476,0,0.27720510226268097,0,0.0,0
59,335,0.25036369147325205,0,0.18732590529247908,0,0.03616726990198955,0,1.0,1,0.6487877589323494,1,0.41310341483911617,0,0.25591931808660207,0,0.0,0
60,335,0.18149167517088646,0,0.18732590529247908,0,0.08677274193641324,0,1.0,1,0.6307811113558448,1,0.3601338138565219,0,0.19536047534751474,0,0.0,0
61,335,0.08445586590405973,0,0.16364902506963788,0,0.08677274193641324,0,1.0,1,0.6151086963537219,1,0.3139589427412447,0,0.1459721932118162,0,0.0,0
62,335,0.05900350524722801,0,0.33008356545961004,0,0.08677274193641324,0,1.0,1,0.601580777271231,1,0.2504157441375632,0,0.1368571458819415,0,0.0,0
63,335,0.1281381418795083,0,0.4798050139275766,0,0.08677274193641324,0,1.0,1,0.5930903391576638,1,0.25308091051602366,0,0.1937654525106922,0,0.0,0
64,335,0.22653464590614028,0,0.4073816155988858,0,0.08677274193641324,0,1.0,1,0.5824061398501938,1,0.3738024629506924,0,0.26548925860651945,0,0.0,0
65,335,0.3503418094898003,1,0.2722841225626741,0,0.08677274193641324,0,1.0,1,0.5717827401337485,1,0.5176050875123228,0,0.33961336772244594,0,0.0,0
66,335,0.5081778014965387,1,0.24860724233983286,0,0.9180766626042268,1,1.0,1,0.5630636517456675,1,0.6363947831989267,1,0.453878181409939,1,0.0,0
67,335,0.5134623908322665,1,0.22980501392757657,0,0.9180766626042268,1,1.0,1,0.5527835891833272,1,0.6432689044394524,1,0.49646653098963994,1,0.0,0
68,335,0.50343221045084,1,0.43454038997214484,0,0.9180766626042268,1,0.7263464337700145,1,0.5395601188339475,0,0.6419768249915154,1,0.5151932738910578,1,0.0,0
69,335,0.43107237845625207,1,0.5069637883008357,0,0.9180766626042268,1,0.7263464337700145,1,0.5241102565640932,0,0.6202700518771109,1,0.4642398190812039,1,0.0,0
70,335,0.35178698937562347,1,0.6559888579387186,0,0.9180766626042268,1,0.7263464337700145,1,0.506593965282432,0,0.509431614331658,0,0.447862355041501,1,0.0,0
71,335,0.2978619090004634,0,0.8266016713091922,0,0.9180766626042268,1,0.7263464337700145,1,0.4889623644315862,0,0.47310531376763576,0,0.4909388636953468,1,0.0,0
72,335,0.23696138680311565,0,0.6608635097493036,0,0.04238538074539591,0,0.7263464337700145,1,0.46936879746778276,0,0.474420220760541,0,0.5045740674537479,1,0.0,0
73,335,0.38014101975036085,1,0.47075208913649025,0,0.8842759790416721,1,0.7263464337700145,1,0.4520274360439183,0,0.6811531344441392,1,0.5740405741468048,1,0.0,0
74,335,0.38557357402856984,1,0.27715877437325903,0,0.8842759790416721,1,0.7263464337700145,1,0.432953067886516,0,0.6854061282867625,1,0.6205284205643761,1,0.0,0
75,335,0.3732608861110918,1,0.24303621169916434,0,0.8842759790416721,1,0.7263464337700145,1,0.41604289436681485,0,0.6866347754416018,1,0.6473966966279832,1,0.0,0
76,335,0.34149557602872493,1,0.25557103064066855,0,0.8842759790416721,1,0.7263464337700145,1,0.39870227546669146,0,0.6844821177497291,1,0.6107620736360287,1,0.0,0
77,335,0.2666674096857735,0,0.31963788300835655,0,0.8842759790416721,1,0.7263464337700145,1,0.37897867949248626,0,0.524045687412124,0,0.4982182686461383,1,0.0,0
78,335,0.1623969873819091,0,0.282033426183844,0,0.8842759790416721,1,0.7263464337700145,1,0.367241552401754,0,0.4030180842639429,0,0.3972742423272026,0,0.0,0
79,335,0.010262452534212473,0,0.282033426183844,0,0.03917029045361244,0,0.6550218340611353,1,0.36175226029574464,0,0.3048002488808442,0,0.28272875179846363,0,0.0,0
80,335,0.0004386164491374987,0,0.23259052924791085,0,0.03917029045361244,0,0.0,0,0.36184926415519986,0,0.13833916479467334,0,0.20242378052530355,0,0.0,0
81,335,0.010590780490855245,0,0.1831476323119777,0,0.04887732177808264,0,0.0,0,0.3652648250023497,0,0.06212829484299498,0,0.17030552323077833,0,0.0,0
82,335,0.02894029443906949,0,0.038300835654596056,0,0.05093454398960618,0,0.0,0,0.37226834792156216,0,0.1898734586356805,0,0.17868677752932913,0,0.0,0
83,335,0.041830634438620944,0,0.0,0,0.05093454398960618,0,0.0,0,0.3781692230854453,0,0.25721512031934324,0,0.20553329737197562,0,0.0,0
84,335,0.044192810631352886,0,0.08704735376044564,0,0.05093454398960618,0,0.0,0,0.3836454183473656,0,0.28614711443670504,0,0.23608347996339188,0,0.0,0
85,335,0.04681949857696113,0,0.13161559888579383,0,0.05093454398960618,0,0.0,0,0.38542088200400365,0,0.2845425198377426,0,0.23984976528260446,0,0.0,0
86,335,0.04585195137256244,0,0.24582172701949861,0,0.06457711680640707,0,0.0,0,0.38866575646613877,0,0.27458425586243673,0,0.23655682221370963,0,0.0,0
87,335,0.03600524743247692,0,0.17757660167130918,0,0.14465318814082925,0,0.0,0,0.3894289855523773,0,0.20552365984129806,0,0.18906986534897793,0,0.0,0
88,335,0.021454264597341198,0,0.2694986072423398,0,0.14465318814082925,0,0.0,0,0.39493875397484823,0,0.11868525461803259,0,0.14302295407985763,0,0.0,0
89,335,0.02519259070734586,0,0.42896935933147634,0,0.14465318814082925,0,0.0,0,0.40229065828184407,0,0.1940387785445319,0,0.12908953232742668,0,0.0,0
90,335,0.11860269072367599,0,0.415041782729805,0,0.2536185763192321,0,0.0,0,0.4047177957158446,0,0.31944280588910257,0,0.12613458799455657,0,0.0,0
91,335,0.20257624525594398,0,0.3844011142061281,0,0.2536185763192321,0,0.0,0,0.39993801360292935,0,0.4848122080902436,0,0.17419272035819688,0,0.0,0
92,335,0.2890537743827231,0,0.3001392757660167,0,0.6273635200926938,1,0.0,0,0.39669643493621776,0,0.5786875575738966,1,0.2271672376886576,0,0.0,0
93,335,0.42128896939677274,1,0.32381615598885793,0,0.8877138267230081,1,0.0,0,0.39347962162016004,0,0.6395573072385539,1,0.31265650770517456,0,0.0,0
94,335,0.4556410374391021,1,0.40598885793871864,1,0.8877138267230081,1,0.6157205240174671,1,0.3814461469207219,0,0.6640918677376084,1,0.3273750181502656,0,0.0,0
95,335,0.4700560512861033,1,0.5097493036211699,1,0.8877138267230081,1,0.6157205240174671,1,0.3648329168206324,0,0.6656675743814342,1,0.31479301882044247,0,0.0,0
96,335,0.4118234347860789,1,0.6545961002785515,1,0.8877138267230081,1,0.6157205240174671,1,0.34463340288652883,0,0.6433123373789937,1,0.3236582961701253,0,0.0,0
97,335,0.4132001125005694,1,0.6469359331476324,1,0.9381330116026972,1,0.6157205240174671,1,0.3269102274674664,0,0.625002222150395,1,0.3279612472041687,0,0.0,0
98,335,0.43886169016406945,1,0.7256267409470752,1,1.0,1,0.6157205240174671,1,0.3147608283488679,0,0.622997236452963,1,0.3321326157372693,0,0.0,0
99,335,0.46116788214583004,1,0.7103064066852368,1,1.0,1,0.685589519650655,1,0.3044299790665529,0,0.6196520920535901,1,0.344660313870093,0,0.0,0
100,335,0.5027655004328081,1,0.5201949860724234,1,1.0,1,0.685589519650655,1,0.29801205518763857,0,0.647929157845403,1,0.4021514884149283,0,0.0,0
101,335,0.4879389664013654,1,0.36002785515320335,0,1.0,1,0.685589519650655,1,0.29427796153149716,0,0.6474342243483038,1,0.41659907954781966,0,0.0,0
102,335,0.46735392570627093,1,0.44707520891364905,0,1.0,1,0.685589519650655,1,0.28791553038275375,0,0.6286901837516361,1,0.36798594561953774,0,0.0,0
103,335,0.3830992347663653,1,0.4317548746518106,0,1.0,1,0.685589519650655,1,0.2842454466408694,0,0.6033881733115698,1,0.3102257029557544,0,0.0,0
104,335,0.2741032078250649,0,0.43941504178272983,0,0.915785793854414,1,0.685589519650655,1,0.2835710530929633,0,0.5565848376618129,1,0.2531609580643196,0,0.0,0
105,335,0.14353033877453517,0,0.40807799442896936,0,0.7124756056731308,1,0.685589519650655,1,0.2852236852713646,0,0.4506961391146952,0,0.17868902839595166,0,0.0,0
106,335,0.11648351803894426,0,0.3948467966573816,0,0.04799739903860964,0,0.685589519650655,1,0.28464704279006203,0,0.373121878888763,0,0.12357241786569094,0,0.0,0
107,335,0.14579742157122294,0,0.20543175487465182,0,0.04799739903860964,0,0.685589519650655,1,0.291610423153158,0,0.3021150831488275,0,0.1233856355596888,0,0.0,0
108,335,0.1708053950643356,0,0.18175487465181056,0,0.04799739903860964,0,0.685589519650655,1,0.2936941122021213,0,0.23095475701795498,0,0.15930017166862837,0,0.0,0
109,335,0.21187512401337222,0,0.15807799442896936,0,0.04799739903860964,0,0.685589519650655,1,0.2948845199919378,0,0.22480808701132893,0,0.1749680121003099,0,0.0,0
110,335,0.24871963230010327,0,0.0981894150417827,0,0.04018034779654031,0,0.685589519650655,1,0.2981607206479827,0,0.23694224025082022,0,0.17911462878270196,0,0.0,0
111,335,0.22492628675915147,0,0.12883008356545958,0,0.030135897401910174,0,0.685589519650655,1,0.29759819003756754,0,0.24157764597507958,0,0.1685366542029439,0,0.0,0
112,335,0.17301365513462041,0,0.10933147632311976,0,0.030135897401910174,0,0.685589519650655,1,0.2932216425538351,0,0.23118242642662057,0,0.1249084262792728,0,0.0,0
113,335,0.13081192011168472,0,0.21239554317548748,0,0.030135897401910174,0,0.685589519650655,1,0.28863275511911995,0,0.23264581346865554,0,0.07210756247987274,0,0.0,0
114,335,0.10131671196589984,0,0.3614206128133705,0,0.030135897401910174,0,0.685589519650655,1,0.2833947927401372,0,0.2961680026504194,0,0.0547132004053044,0,0.0,0
115,335,0.09949283091963888,0,0.479108635097493,1,0.09968731057830993,0,0.685589519650655,1,0.2763418839489075,0,0.4730521841718247,0,0.0930908252491506,0,0.0,0
116,335,0.10420843875391263,0,0.525766016713092,1,0.1173687924804303,0,0.685589519650655,1,0.27063419522767684,0,0.5508745171873233,1,0.15863335960845765,0,0.0,0
117,335,0.2346327701955985,0,0.435933147632312,1,0.1533559224725477,0,0.685589519650655,1,0.2666146123925887,0,0.6657910047352005,1,0.26601898512637845,0,0.0,0
118,335,0.3666474822324025,1,0.49303621169916434,1,0.1533559224725477,0,0.685589519650655,1,0.265091678280751,0,0.74643324660213,1,0.39558646009220116,0,0.0,0
119,335,0.3917423648268778,1,0.5083565459610028,1,0.1533559224725477,0,0.685589519650655,1,0.26322582923419047,0,0.7488145837710296,1,0.46653832102810255,1,0.0,0
120,335,0.3943709869923604,1,0.5396935933147632,1,0.1533559224725477,0,0.685589519650655,1,0.2590662369960637,0,0.7465659695848215,1,0.47429854052417336,1,0.0,0
121,335,0.35173738110815606,1,0.42618384401114207,1,0.15507187700445813,0,0.685589519650655,1,0.2457150307243041,0,0.7108329831763013,1,0.4079222179694083,0,0.0,0
122,335,0.3074845500048459,0,0.48259052924791085,1,0.15507187700445813,0,0.685589519650655,1,0.23436018688585566,0,0.5838972881684632,1,0.32704348979659414,0,0.0,0
123,335,0.17695819399163812,0,0.5396935933147632,0,0.15507187700445813,0,0.0,0,0.22892897906346502,0,0.242646298301469,0,0.21787033877282078,0,0.0,0
124,335,0.04642880481003637,0,0.49651810584958217,0,0.15507187700445813,0,0.0,0,0.2316783300067197,0,0.1566658451443993,0,0.1207122464599697,0,0.0,0
125,335,0.023977850884113163,0,0.4923398328690808,0,0.15507187700445813,0,0.0,0,0.23591111235081522,0,0.06678652811222263,0,0.1194468811738972,0,0.0,0
126,335,0.024011600756094573,0,0.4777158774373259,0,0.15507187700445813,0,0.0,0,0.2393092106543353,0,0.04077666176446815,0,0.17594350077978815,0,0.0,0
127,335,0.1245033740624759,0,0.5543175487465181,0,0.1490100826767251,0,0.0,0,0.24840641889800683,0,0.17822959257882576,0,0.29969454252024225,0,0.0,0
128,335,0.22911104643883531,0,0.5222841225626741,0,0.14190840077487968,0,0.0,0,0.26197043157796895,0,0.277077912633127,0,0.42273724882602814,0,0.0,0
129,335,0.4107177518984748,1,0.6448467966573816,1,0.9444978366007315,1,0.0,0,0.276115054145497,0,0.5777279926305412,1,0.5645885498053452,1,0.0,0
130,335,0.6004343333814183,1,0.5807799442896936,1,0.9515701951787006,1,0.0,0,0.2881400116608475,0,0.6188709051828627,1,0.6706600314892317,1,0.0,0
131,335,0.6945000876969295,1,0.5174094707520892,1,0.9515701951787006,1,0.0,0,0.2989576255733941,0,0.6428404334405352,1,0.6923456574368675,1,0.0,0
132,335,0.7399582309360017,1,0.5445682451253482,1,0.9515701951787006,1,0.0,0,0.30704345096507524,0,0.643030730319828,1,0.6438523153418418,1,0.0,0
133,335,0.6720658580958886,1,0.4874651810584958,1,0.9515701951787006,1,0.0,0,0.31330406564573715,0,0.6229426927614461,1,0.5367323082582954,1,0.0,0
134,335,0.588524395148065,1,0.5821727019498607,1,0.9515701951787006,1,0.0,0,0.320355206043321,0,0.6152593047497454,1,0.46657906446336617,1,0.0,0
135,335,0.41367227183331523,1,0.4087743732590529,1,0.9515701951787006,1,0.0,0,0.3321055389691835,0,0.5351483588409263,0,0.36323615652214203,0,0.0,0
136,335,0.22566526795238576,0,0.2151810584958217,0,0.7210953858903384,1,0.0,0,0.341328932570952,0,0.45103350194741165,0,0.28256518188301827,0,0.0,0
137,335,0.12868236343410186,0,0.09540389972144844,0,0.05079082828834,0,0.0,0,0.3496763665477203,0,0.301602170434895,0,0.23908578144641277,0,0.0,0
138,335,0.08128706790996239,0,0.12534818941504178,0,0.05079082828834,0,0.0,0,0.35968963069840293,0,0.2771421529809137,0,0.2388064174422289,0,0.0,0
139,335,0.047096996013332455,0,0.1002785515320334,0,0.05079082828834,0,0.6390101892285298,1,0.3690622715721044,0,0.29014011668309714,0,0.2666596041261986,0,0.0,0
140,335,0.03293721045324461,0,0.11490250696378829,0,0.05079082828834,0,0.6390101892285298,1,0.37144066638994777,0,0.271300119592094,0,0.256137717649321,0,0.0,0
141,335,0.07279096114363211,0,0.3126740947075209,0,0.18220761368989533,0,0.6390101892285298,1,0.37946831286263116,0,0.3589017324692534,0,0.2818347301776812,0,0.0,0
142,335,0.11293001861131177,0,0.3593314763231198,0,0.2237839171384548,0,0.6390101892285298,1,0.3873269511883467,0,0.46882585613394323,0,0.3132475542686532,0,0.0,0
143,335,0.1584954294188032,0,0.36629526462395545,0,0.2237839171384548,0,0.6390101892285298,1,0.3951195485789847,0,0.6074488501381773,1,0.36667075580167957,0,0.0,0
144,335,0.18208758708320633,0,0.42270194986072424,0,0.2237839171384548,0,0.6390101892285298,1,0.4031629442825989,0,0.6154772775021413,1,0.3727174490031862,0,0.0,0
145,335,0.22808418840523556,0,0.3307799442896936,0,0.9085494431826812,1,0.6390101892285298,1,0.41180988075401354,0,0.640328393425667,1,0.3762507845869278,0,0.0,0
146,335,0.2491994948716914,0,0.4853760445682451,0,0.9085494431826812,1,0.6390101892285298,1,0.4155657915047788,0,0.6401431468881813,1,0.3778459754199933,0,0.0,0
147,335,0.24911675354324014,0,0.557799442896936,0,0.9085494431826812,1,0.6390101892285298,1,0.4144049939490307,0,0.5735149974950304,1,0.34708668198228526,0,0.0,0
148,335,0.276135168504452,0,0.5661559888579387,0,0.9085494431826812,1,0.6390101892285298,1,0.41769265612538536,0,0.5398518431727459,0,0.3045078580523405,0,0.0,0
149,335,0.30260546290108487,0,0.3962395543175487,0,0.9085494431826812,1,0.6390101892285298,1,0.41532000158723104,0,0.5227944147259886,0,0.251619940459997,0,0.0,0
150,335,0.3629840410041552,1,0.4937325905292479,0,0.938497111410153,1,0.6390101892285298,1,0.4103878677139813,0,0.5234877256492719,0,0.24244757123534372,0,0.0,0
151,335,0.46605635387968575,1,0.46587743732590525,0,0.938497111410153,1,0.6390101892285298,1,0.40626519391304855,0,0.5358131858364173,0,0.250588196085719,0,0.0,0
152,335,0.4984505415173723,1,0.34818941504178275,0,0.938497111410153,1,0.6390101892285298,1,0.4033797393760263,0,0.5374880811933351,0,0.2590195268093385,0,0.0,0
153,335,0.4899210358527478,1,0.34540389972144847,0,0.938497111410153,1,0.6390101892285298,1,0.4033713532255399,0,0.536342461657805,0,0.29141257763987777,0,0.0,0
154,335,0.48004967480057514,1,0.5153203342618384,0,0.938497111410153,1,0.6390101892285298,1,0.40472905788588875,0,0.530229123907106,0,0.34366322241026503,0,0.0,0
155,335,0.4664731181871147,1,0.5153203342618384,0,0.938497111410153,1,0.6390101892285298,1,0.40160331684257555,0,0.52778799069121,0,0.3912700546009703,0,0.0,0
156,335,0.3703151730309736,1,0.47493036211699163,0,0.9120887983325702,1,0.6390101892285298,1,0.3955188807587321,0,0.515036685682887,0,0.4134378869761098,0,0.0,0
157,335,0.22516715546925775,0,0.5376044568245125,0,0.8181115975314108,1,0.5997088791848616,1,0.38874854928864117,0,0.497568159413029,0,0.40687903792311364,0,0.0,0
158,335,0.17904767106329345,0,0.6629526462395543,0,0.0558638368007508,0,0.5997088791848616,1,0.3877541386478612,0,0.4932709245761753,0,0.4233970574038561,0,0.0,0
159,335,0.22794982293601096,0,0.6079387186629527,1,0.07147616155039895,0,0.6564774381368268,1,0.39032676838079405,0,0.7795117733568208,1,0.4494059493968536,1,0.0,0
160,335,0.24908315038725232,0,0.5738161559888579,1,0.07147616155039895,0,0.6564774381368268,1,0.3923478776856615,0,0.798870743571925,1,0.4387984206189273,0,0.0,0
161,335,0.24697154239899285,0,0.45334261838440115,1,0.07147616155039895,0,0.6564774381368268,1,0.38955516190000533,0,0.832316935210175,1,0.4307387000095117,0,0.0,0
162,335,0.37120125193892123,1,0.4770194986072423,1,0.7721865553370779,1,0.6564774381368268,1,0.38620293263660077,0,0.9932442587714336,1,0.47448441472052316,1,0.0,0
163,335,0.38875745780256077,1,0.4449860724233984,1,0.7721865553370779,1,0.6564774381368268,1,0.38640725769896694,0,0.9947906734327779,1,0.48427334713648146,1,0.0,0
164,335,0.4024667560356935,1,0.5814763231197771,1,0.7721865553370779,1,0.6564774381368268,1,0.38109838766255777,0,0.9942537210918434,1,0.49442815434366205,1,0.0,0
165,335,0.4003912661492566,1,0.5954038997214485,1,0.7721865553370779,1,0.6564774381368268,1,0.3739779125707369,0,0.993832118557784,1,0.505600205281947,1,0.0,0
166,335,0.47645880735259505,1,0.5083565459610028,1,0.7721865553370779,1,0.6564774381368268,1,0.3683012312153488,0,0.9944971475669473,1,0.5365294211572739,1,0.0,0
167,335,0.5861646618506955,1,0.5334261838440112,1,0.7721865553370779,1,0.6564774381368268,1,0.3600698750902486,0,0.9958833653861693,1,0.5465156385757288,1,0.0,0
168,335,0.5870919536707165,1,0.5194986072423399,1,0.534248160165797,1,0.6564774381368268,1,0.346430238103184,0,0.9960451783376699,1,0.4954826617033863,1,0.0,0
169,335,0.7153970777550306,1,0.46169916434540387,1,0.534248160165797,1,0.6564774381368268,1,0.3337985989334089,0,0.9999880811933352,1,0.5096890015391948,1,0.0,0
170,335,0.7593077723550875,1,0.5174094707520892,1,0.534248160165797,1,0.6564774381368268,1,0.31767301430053757,0,1.0,1,0.4807762979324596,1,0.0,0
171,335,0.6935732983467267,1,0.6232590529247911,1,0.40508347995105387,0,0.6564774381368268,1,0.30026500381129106,0,0.9884159299901416,1,0.41368894047993965,0,0.0,0
172,335,0.6462035560745095,1,0.8071030640668523,1,0.8585605049014814,1,0.6564774381368268,1,0.28415343977376417,0,0.9882011894565023,1,0.38058672494808227,0,0.0,0
173,335,0.5410276760261838,1,0.6302228412256268,1,0.8724484710048239,1,0.6564774381368268,1,0.27496261194173965,0,0.9905186903049598,1,0.3818217562989143,0,0.0,0
174,335,0.4884495614292819,1,0.6622562674094707,1,0.8724484710048239,1,0.6229985443959243,1,0.26849852783692874,0,0.9913620973867511,1,0.383665493226189,0,0.0,0
175,335,0.3959612624193768,1,0.6622562674094707,1,0.8919424376285764,1,0.6229985443959243,1,0.25849771579818215,0,0.9924281235354008,1,0.37078034033041896,0,0.0,0
176,335,0.38921697618918005,1,0.5508356545961003,1,0.8919424376285764,1,0.6229985443959243,1,0.24441009676704856,0,0.9937830292354186,1,0.4036104569374719,0,0.0,0
177,335,0.4974253901297162,1,0.637883008356546,1,0.8919424376285764,1,0.6229985443959243,1,0.2305981724331478,0,0.9955003474635162,1,0.44711425887883127,1,0.0,0
178,335,0.49693755295961656,1,0.6615598885793872,1,0.8919424376285764,1,0.6229985443959243,1,0.21577545489846212,0,0.9929180066906929,1,0.4527545067019715,1,0.0,0
179,335,0.4907215611593078,1,0.49651810584958217,1,0.8919424376285764,1,0.6229985443959243,1,0.2043051010206175,0,0.9908970619131502,1,0.4284681535672972,0,0.0,0
180,335,0.4331748250498596,1,0.3802228412256267,0,0.8919424376285764,1,0.6229985443959243,1,0.1951553522226153,0,0.9901896100328069,1,0.4212556060669559,0,0.0,0
181,335,0.3992437276556256,1,0.3802228412256267,0,0.8919424376285764,1,0.6229985443959243,1,0.18002398503995862,0,0.9520569032112093,1,0.37717973042295155,0,0.0,0
182,335,0.35673265039990326,1,0.4909470752089136,0,0.855584537924791,1,0.6229985443959243,1,0.16701399362594074,0,0.8814915073452171,1,0.3291794235384942,0,0.0,0
183,335,0.23847509197753103,0,0.2736768802228412,0,0.855584537924791,1,0.6229985443959243,1,0.1542436626687849,0,0.8333070042180453,1,0.27296843595543596,0,0.0,0
184,335,0.13331421591168668,0,0.30571030640668523,0,0.855584537924791,1,0.6229985443959243,1,0.14245798370894602,0,0.7084427574058212,1,0.21986368838259493,0,0.0,0
185,335,0.08459915030131486,0,0.2862116991643454,0,0.03347397202842656,0,0.6229985443959243,1,0.13311175002572462,0,0.6898690143348902,1,0.17130127759415914,0,0.0,0
186,335,0.0758811872939101,0,0.1525069637883008,0,0.11417484006057889,0,0.6229985443959243,1,0.12695360026147876,0,0.6869135543093555,1,0.13702558263437925,0,0.0,0
187,335,0.052520277084776905,0,0.12883008356545958,0,0.17352958228416096,0,0.6229985443959243,1,0.12307766273188037,0,0.6835217447516848,1,0.12158480883509859,0,0.0,0
188,335,0.028910567029865473,0,0.0724233983286908,0,0.17352958228416096,0,0.0,0,0.12634148407243453,0,0.44247903098081676,0,0.07602814921425784,0,0.0,0
189,335,0.02224760929993413,0,0.1692200557103064,0,0.17352958228416096,0,0.0,0,0.1305506691688345,0,0.25539538115939686,0,0.06362775948302965,0,0.0,0
190,335,0.02700095949893164,0,0.31337047353760444,0,0.17352958228416096,0,0.0,0,0.13080453949179854,0,0.030619616335633593,0,0.09388841075976793,0,0.0,0
191,335,0.023093669797702235,0,0.29387186629526457,0,0.17352958228416096,0,0.0,0,0.12226819202008386,0,0.08366759862307482,0,0.13321238451608775,0,0.0,0
192,335,0.016516342472943535,0,0.18732590529247908,0,0.17352958228416096,0,0.0,0,0.1115846842788432,0,0.15030423259046177,0,0.18806362345121844,0,0.0,0
193,335,0.016408342078031126,0,0.052924791086350946,0,0.07259558603372296,0,0.0,0,0.10289183900925439,0,0.2162717972752396,0,0.2529810165006177,0,0.0,0
194,335,0.01544833566563203,0,0.09052924791086348,0,0.07259558603372296,0,0.0,0,0.0955228698919336,0,0.23307529453593423,0,0.3227675661435898,0,0.0,0
195,335,0.012220684946914851,0,0.09052924791086348,0,0.041845755313890745,0,0.0,0,0.08697066735445613,0,0.23240885143106482,0,0.3461984049839155,0,0.0,0
196,335,0.003216767049638839,0,0.10933147632311976,0,0.03964751612440925,0,0.0,0,0.07690935419011025,0,0.20961282059569786,0,0.300122788392947,0,0.0,0
197,335,0.0,0,0.2151810584958217,0,0.03964751612440925,0,0.0,0,0.07203614175959921,0,0.12358247006157386,0,0.25715948231901703,0,0.0,0
198,335,0.0007770325704043535,0,0.1713091922005571,0,0.03964751612440925,0,0.0,0,0.06992642798148026,0,0.0735432794091504,0,0.20836644139665741,0,0.0,0
199,335,0.0017367352088950429,0,0.14763231197771587,0,0.03964751612440925,0,0.0,0,0.06648014963069554,0,0.11133983548006521,0,0.1667916535798739,0,0.0,0
200,335,0.0342511188267384,0,0.17548746518105846,0,0.5131659584743236,1,0.0,0,0.06691875885246001,0,0.14915598687719178,0,0.16212723993028946,0,0.0,0
201,335,0.2075722104488093,0,0.2256267409470752,0,0.8999295079218651,1,0.0,0,0.06790150694274827,0,0.26472194838146645,0,0.20358859813974417,0,0.9965986410816096,1
202,335,0.3662386528564252,1,0.2827298050139276,0,0.8999295079218651,1,0.0,0,0.0675001471020161,0,0.3729430967887907,0,0.2714872767667752,0,0.9591836726391781,1
203,335,0.5034788881246001,1,0.3969359331476323,0,0.8999295079218651,1,0.0,0,0.06962832541847182,0,0.4055549719605023,0,0.3229091283491149,0,0.9591836726391781,1
204,335,0.5578831338457864,1,0.4115598885793872,0,0.8999295079218651,1,0.0,0,0.07019261770286109,0,0.408813654508137,0,0.3604202817429685,0,0.9591836726391781,1
205,335,0.5920432613976634,1,0.48050139275766013,0,0.8999295079218651,1,0.0,0,0.06930400941552327,0,0.41740832619551693,0,0.38816393285525563,0,0.9591836726391781,1
206,335,0.5729053117069453,1,0.48050139275766013,0,0.8999295079218651,1,0.0,0,0.06244721368766889,0,0.40665594647445735,0,0.36215933477343626,0,0.9591836726391781,1
207,335,0.4108657597716962,1,0.48050139275766013,0,0.08936156571581036,0,0.0,0,0.051368318774038045,0,0.2478192624076797,0,0.2923222348387381,0,0.9591836726391781,1
208,335,0.2827304315348178,0,0.3906685236768802,0,0.08936156571581036,0,0.0,0,0.048636984950968395,0,0.23601014916689556,0,0.22115225574898564,0,0.0,0
209,335,0.16153320135549165,0,0.40947075208913647,0,0.08936156571581036,0,0.0,0,0.050370162476166214,0,0.19165683533461542,0,0.1474627939510311,0,0.0,0
210,335,0.11916546043188932,0,0.4895543175487465,0,0.08936156571581036,0,0.0,0,0.05346818599298619,0,0.1886498618226482,0,0.07865430933424444,0,0.0,0
211,335,0.09375151988976878,0,0.4756267409470752,0,0.08936156571581036,0,0.0,0,0.054838138375252185,0,0.18426576110671167,0,0.02512030892205145,0,0.0,0
212,335,0.09359845485907371,0,0.32590529247910865,0,0.08936156571581036,0,0.0,0,0.05520227683358484,0,0.2670782358550027,0,0.0,0,0.0,0
213,335,0.09298540013286001,0,0.2883008356545961,0,0.06783358435325336,0,0.0,0,0.055602646082689285,0,0.3209278083940721,0,0.011163176855182848,0,0.0,0
214,335,0.10146229577930017,0,0.39136490250696376,0,0.04454102817713155,0,0.0,0,0.059563263797171494,0,0.35394371091035437,0,0.03672676559526407,0,0.0,0
215,335,0.19549626465909634,0,0.525766016713092,1,0.10706495049709994,0,0.0,0,0.06571760238752493,0,0.407746618291126,0,0.10864134183569574,0,0.0,0
216,335,0.26246353343537404,0,0.5146239554317549,1,0.10706495049709994,0,0.0,0,0.07089940958868649,0,0.5007096740307384,0,0.17595845082807235,0,0.0,0
217,335,0.2639782916736527,0,0.4589136490250697,1,0.10706495049709994,0,0.0,0,0.07268432354748232,0,0.5084768977164373,0,0.21945219907372465,0,0.0,0
218,335,0.2831591733204735,0,0.5487465181058496,1,0.10706495049709994,0,0.0,0,0.06902886069162945,0,0.5093033356497567,0,0.2855416208398121,0,0.0,0
219,335,0.28510932490223523,0,0.46866295264623953,1,0.10706495049709994,0,0.0,0,0.06318382635728167,0,0.5105915768379204,0,0.3504232161339417,0,0.0,0
220,335,0.24782034394913227,0,0.4937325905292479,1,0.10706495049709994,0,0.0,0,0.053047310545243476,0,0.4946098711960826,0,0.356239101501528,0,0.0,0
221,335,0.13742847962015886,0,0.43662952646239556,0,0.09147469823197202,0,0.0,0,0.03641371199978903,0,0.28727515878274634,0,0.31569887133905855,0,0.0,0
222,335,0.06348377731962307,0,0.4233983286908078,0,0.09147469823197202,0,0.0,0,0.02655376444232562,0,0.24954486319634117,0,0.28170609883094655,0,0.0,0
223,335,0.05526233499173591,0,0.44707520891364905,0,0.09147469823197202,0,0.0,0,0.023376792620722224,0,0.22141001502981716,0,0.2816570884036952,0,0.0,0
224,335,0.033024791812825034,0,0.47214484679665736,0,0.09147469823197202,0,0.0,0,0.01970818272686739,0,0.14879094817137228,0,0.22511713931207983,0,0.0,0
225,335,0.035667168927286975,0,0.42896935933147634,0,0.09147469823197202,0,0.0,0,0.014995759164689001,0,0.17621996056693112,0,0.17871223047626966,0,0.0,0
226,335,0.05463668457252835,0,0.3112813370473537,0,0.034882944692110146,0,0.0,0,0.012787846341840867,0,0.2524918386476396,0,0.187735604419776,0,0.0,0
227,335,0.07442161634148847,0,0.4435933147632312,1,0.513788805078483,1,0.0,0,0.008937165258915986,0,0.33651356723823067,0,0.2539969031212823,0,0.0,0
228,335,0.08601217722777707,0,0.45403899721448465,1,0.513788805078483,1,0.0,0,0.005968405829851148,0,0.3623012185464711,0,0.29751245165911155,0,0.0,0
229,335,0.09250305117961297,0,0.467966573816156,1,0.513788805078483,1,0.0,0,0.0054419380184116805,0,0.3789336102267401,0,0.33348121497392574,0,0.0,0
230,335,0.08591972018446728,0,0.5292479108635098,1,0.513788805078483,1,0.0,0,0.003161454419351974,0,0.4207072094639366,0,0.43857596407835847,0,0.0,0
231,335,0.07406830994715832,0,0.552924791086351,1,0.513788805078483,1,0.0,0,0.0007957737806470324,0,0.44811945472469583,0,0.4729086503987944,1,0.0,0
232,335,0.05587834422502514,0,0.6093314763231198,1,0.513788805078483,1,0.0,0,0.0020682410833201786,0,0.4608691436236404,0,0.5148425810274101,1,0.0,0
233,335,0.03838827671333075,0,0.4401114206128134,1,0.0,0,0.0,0,0.0007450385781567558,0,0.4580387300612505,0,0.4629653722942856,1,0.0,0
234,335,0.04398901564426704,0,0.5508356545961003,1,0.02667037128706625,0,0.0,0,0.0,0,0.47048216623301053,0,0.4499553490651318,1,0.0,0
235,335,0.05107406340216771,0,0.5661559888579387,0,0.05995590250409563,0,0.0,0,0.0031353468142426024,0,0.4246547586340642,0,0.4009815573264128,0,0.0,0
236,335,0.10841796529984875,0,0.6093314763231198,1,0.9263045757084256,1,0.0,0,0.0062004596181634165,0,0.6265817670539942,1,0.34027824024477044,0,0.0,0
237,335,0.2572544592914564,0,0.7123955431754875,1,0.9494394389467694,1,0.0,0,0.008256045879446627,0,0.686562656560596,1,0.3439254396788358,0,0.0,0
238,335,0.4217574766265633,1,0.4853760445682451,1,0.9494394389467694,1,0.0,0,0.010971124256304607,0,0.7645033695880536,1,0.3226791103603441,0,0.0,0
239,335,0.6088372452160078,1,0.6511142061281336,1,0.9494394389467694,1,0.0,0,0.01077542221285821,0,0.844740574042051,1,0.37680765634800595,0,0.0,0
240,335,0.7234603290810532,1,0.5403899721448469,1,0.9494394389467694,1,0.0,0,0.01441387253946964,0,0.8468938377749405,1,0.38822485787521954,0,0.0,0
241,335,0.8875496189999583,1,0.5995821727019499,1,0.9494394389467694,1,0.0,0,0.016061201776824796,0,0.8530867689125199,1,0.43154774100397675,0,0.0,0
242,335,0.8653876605251098,1,0.5313370473537604,1,0.9494394389467694,1,0.0,0,0.016587473037862198,0,0.8531166669360182,1,0.4558886621888878,1,0.0,0
243,335,0.7218813923334245,1,0.6204735376044569,1,0.9356102402730149,1,0.0,0,0.018310277629592756,0,0.7938161594776734,1,0.44910009151594316,1,0.0,0
244,335,0.5651793942075407,1,0.6135097493036212,1,0.9356102402730149,1,0.0,0,0.023086099615889526,0,0.7867905279829339,1,0.489952882427451,1,0.0,0
245,335,0.37879249454330616,1,0.45403899721448465,1,0.92271523527873,1,0.0,0,0.02790326270341097,0,0.7475705835770964,1,0.4490396207529667,1,0.0,0
246,335,0.2401557622779826,0,0.45125348189415043,1,0.92271523527873,1,0.0,0,0.03325969457727239,0,0.686380844255539,1,0.4435394249886233,0,0.0,0
247,335,0.059350404793498464,0,0.34818941504178275,0,0.03627634318582533,0,0.0,0,0.03548468544616224,0,0.5911536192769526,1,0.4019558419317395,0,0.0,0
248,335,0.021185390115683305,0,0.18802228412256267,0,0.03627634318582533,0,0.0,0,0.04271542195367986,0,0.5644861984259095,1,0.34924745126977264,0,0.0,0
249,335,0.020128063780825003,0,0.378133704735376,0,0.03627634318582533,0,0.0,0,0.0516320367761186,0,0.38930559820288635,0,0.3210168552655694,0,0.0,0
250,335,0.017350592397309017,0,0.17409470752089135,0,0.03627634318582533,0,0.0,0,0.06524159819183746,0,0.2986491345734279,0,0.25401658132374,0,0.0,0
251,335,0.013457252366251027,0,0.0682451253481894,0,0.029032283975192502,0,0.0,0,0.08108423424169918,0,0.11996097095851443,0,0.21231337948388107,0,0.0,0
252,335,0.016734302151594698,0,0.14554317548746515,0,0.029032283975192502,0,0.0,0,0.09727944139475252,0,0.12558361749923241,0,0.18643192426505903,0,0.0,0
253,335,0.01789530547526891,0,0.16504178272980502,0,0.05547927991437207,0,0.0,0,0.1168124674748978,0,0.18178139696494644,0,0.1655620567356473,0,0.0,0
254,335,0.017630957293493028,0,0.018802228412256285,0,0.05547927991437207,0,0.0,0,0.13793169897720578,0,0.24440401926402378,0,0.14108964179871106,0,0.0,0
255,335,0.01344283280687795,0,0.20891364902506965,0,0.05547927991437207,0,0.0,0,0.1507428760197585,0,0.2596261534980687,0,0.10783283394122047,0,0.0,0
256,335,0.02408584208233225,0,0.36838440111420606,0,0.05755817153621373,0,0.0,0,0.16443459886335768,0,0.34427755870517307,0,0.08320449402975806,0,0.0,0
257,335,0.05586433414047445,0,0.3307799442896936,0,0.1390146667302012,0,0.7860262008733624,1,0.1788156239668392,0,0.5118260823892561,0,0.09384957249488761,0,0.0,0
258,335,0.08426889094554063,0,0.25557103064066855,0,0.1390146667302012,0,0.7860262008733624,1,0.19325875563752226,0,0.5360681270908414,0,0.06980075411948522,0,0.0,0
259,335,0.1337382893056481,0,0.31197771587743733,0,0.1390146667302012,0,0.7860262008733624,1,0.20609259813327196,0,0.5533283772645732,1,0.09411695276711132,0,0.0,0
260,335,0.1821593956376001,0,0.22005571030640667,0,0.1390146667302012,0,0.7860262008733624,1,0.22057838124119356,0,0.5679163905813145,1,0.11577252093217402,0,0.0,0
261,335,0.18219143775086122,0,0.24651810584958217,0,0.1390146667302012,0,0.7860262008733624,1,0.23481421775454725,0,0.5616254828126767,1,0.13172595901922554,0,0.0,0
262,335,0.17146193355459216,0,0.3293871866295265,0,0.1390146667302012,0,0.7860262008733624,1,0.24812823288243047,0,0.5045952050034745,0,0.12475818204411172,0,0.0,0
263,335,0.13999083101286622,0,0.1928969359331476,0,0.15906175620099033,0,0.7860262008733624,1,0.2622517735994297,0,0.44418039012880384,0,0.10706389916883488,0,0.0,0
264,335,0.11274144482843418,0,0.33913649025069637,0,0.15906175620099033,0,0.7860262008733624,1,0.27253146881970836,0,0.36252908996880917,0,0.10634960178809535,0,0.0,0
265,335,0.06443011862811643,0,0.33913649025069637,0,0.15906175620099033,0,0.7860262008733624,1,0.28137988401248193,0,0.25947181505244277,0,0.07360307918133462,0,0.0,0
266,335,0.01777000396346914,0,0.20403899721448468,0,0.15906175620099033,0,0.7860262008733624,1,0.28987771880485386,0,0.14804289154289962,0,0.053800028425853755,0,0.0,0
267,335,0.01925970708455351,0,0.21866295264623953,0,0.15906175620099033,0,0.7860262008733624,1,0.3015100083750286,0,0.051723580651938605,0,0.0641589417681615,0,0.0,0
268,335,0.0256788356172178,0,0.36490250696378834,0,0.15906175620099033,0,0.7860262008733624,1,0.312236550014831,0,0.03372194030091946,0,0.1205497079727181,0,0.0,0
269,335,0.072619050588947,0,0.4087743732590529,1,0.12749247049854384,0,0.7860262008733624,1,0.32662141877061845,0,0.2987656964623365,0,0.18101017951134782,0,0.0,0
270,335,0.16073524804989406,0,0.48467966573816157,1,0.06810656718146346,0,0.7860262008733624,1,0.34349291553898853,0,0.3397118476978521,0,0.24467442773780193,0,0.0,0
271,335,0.2967785199275543,0,0.49303621169916434,1,0.8980257466497638,1,0.7860262008733624,1,0.36273070779603883,0,0.381062430305283,0,0.3290569767176906,0,0.0,0
272,335,0.3581974637369649,1,0.49303621169916434,1,0.8980257466497638,1,0.7860262008733624,1,0.38332354764318904,0,0.4679879034213035,0,0.4063074184774562,0,0.0,0
273,335,0.37427395615079134,1,0.46169916434540387,1,0.8980257466497638,1,0.7860262008733624,1,0.3979184772612506,0,0.4747521292241059,0,0.43920996976761456,0,0.0,0
274,335,0.372883924684153,1,0.40459610027855153,1,0.8980257466497638,1,0.7860262008733624,1,0.4101515262150465,0,0.47194979556216365,0,0.4294079876218784,0,0.0,0
275,335,0.3752116037828814,1,0.41852367688022285,1,0.8980257466497638,1,0.7860262008733624,1,0.42420699049636607,0,0.4925658968598994,0,0.42931185232808955,0,0.0,0
276,335,0.34987765721485653,1,0.5779944289693594,1,0.8980257466497638,1,0.7860262008733624,1,0.4316442499589219,0,0.4790831003442313,0,0.41164562826204526,0,0.0,0
277,335,0.3131243426558457,1,0.5933147632311978,1,0.5690825736826407,1,0.7860262008733624,1,0.43878203212560146,0,0.4699680414370445,0,0.37029029609988307,0,0.0,0
278,335,0.3978214368476297,1,0.45961002785515315,1,0.8765358878950978,1,0.7860262008733624,1,0.45073634741056484,0,0.5212304248751556,0,0.3293633135192973,0,0.0,0
279,335,0.49308197220666466,1,0.2562674094707521,0,0.8765358878950978,1,0.7860262008733624,1,0.46335067894550913,0,0.5387173343891916,0,0.29538429163503366,0,0.0,0
280,335,0.5182674434876835,1,0.4011142061281337,0,0.8765358878950978,1,0.601164483260553,1,0.47678947390012344,0,0.5585789146209416,1,0.29084039497216113,0,0.0,0
281,335,0.47968915075838986,1,0.24512534818941503,0,0.8765358878950978,1,0.601164483260553,1,0.48790589482127855,0,0.5536986683258723,1,0.2715831260019804,0,0.0,0
282,335,0.4192520031113832,1,0.23676880222841223,0,0.8765358878950978,1,0.601164483260553,1,0.4958450129769909,0,0.5058787998771757,0,0.23155264799025133,0,0.0,0
283,335,0.31830610745084986,1,0.2096100278551532,0,0.8765358878950978,1,0.601164483260553,1,0.4996076501192919,0,0.45376311068733133,0,0.22086100707199743,0,0.0,0
284,335,0.17192764906897046,0,0.26532033426183843,0,0.834039886722902,1,0.601164483260553,1,0.5032988739488591,0,0.35028241511385483,0,0.20083782422937188,0,0.0,0
285,335,0.06654214822040155,0,0.2778551532033426,0,0.834039886722902,1,0.601164483260553,1,0.5080152139597891,0,0.32299198409748364,0,0.22733675054698987,0,0.0,0
286,335,0.03998799589572142,0,0.15807799442896936,0,0.4762671207989163,0,0.601164483260553,1,0.5153481639560018,0,0.21000008080546895,0,0.20681452101814624,0,0.0,0
287,335,0.04549704512097739,0,0.038300835654596056,0,0.11523835602395646,0,0.601164483260553,1,0.5239755948999133,0,0.1689743361830729,0,0.17979118381628748,0,0.0,0
288,335,0.05626345033715817,0,0.047353760445682416,0,0.10669741293773642,0,0.601164483260553,1,0.5351445535755366,0,0.1580074179420462,0,0.19204727185091797,0,0.0,0
289,335,0.1321051878363379,0,0.1768802228412256,0,0.840167135009054,1,0.601164483260553,1,0.5481678997774111,1,0.23660285728138075,0,0.2071924092590757,0,0.0,0
290,335,0.1747114006760294,0,0.1768802228412256,0,0.840167135009054,1,0.601164483260553,1,0.5616664393345675,1,0.27406124246489005,0,0.21835469761427606,0,0.0,0
291,335,0.18197439675678959,0,0.06337047353760444,0,0.840167135009054,1,0.601164483260553,1,0.5761971339293647,1,0.2958360941868545,0,0.18985539859487152,0,0.0,0
292,335,0.1748592137935074,0,0.11211699164345403,0,0.840167135009054,1,0.601164483260553,1,0.590880875770533,1,0.302458102364368,0,0.21324245874652328,0,0.0,0
293,335,0.15975522164123634,0,0.128133704735376,0,0.840167135009054,1,0.601164483260553,1,0.604027331400709,1,0.3054868933529421,0,0.22436701466048498,0,0.0,0
294,335,0.14334850572377808,0,0.21030640668523676,0,0.840167135009054,1,0.7059679767103347,1,0.6185542915378671,1,0.29432887017793363,0,0.21839148252436125,0,0.0,0
295,335,0.07186795306494582,0,0.33635097493036215,0,0.06896368305490239,0,0.7059679767103347,1,0.6321924507570937,1,0.21575262213746627,0,0.17379059881091713,0,0.0,0
296,335,0.061723284786025234,0,0.399025069637883,0,0.13039427249399518,0,0.7059679767103347,1,0.6466659491849032,1,0.20404794996525355,0,0.16923726544936754,0,0.0,0
297,335,0.14357610377752053,0,0.504874651810585,0,0.30384187638815147,0,0.7059679767103347,1,0.6642581128415525,1,0.2337025469883801,0,0.2084018791022187,0,0.0,0
298,335,0.24233209055229574,0,0.44150417827298055,0,0.39301249278196554,0,0.7059679767103347,1,0.6785073472606574,1,0.39576518738788224,0,0.23975183358134217,0,0.0,0
299,335,0.2701957493355243,0,0.334958217270195,0,0.39301249278196554,0,0.7059679767103347,1,0.6906074995840836,1,0.5129317032176739,0,0.2826893561742087,0,0.0,0
300,335,0.31568638562284657,1,0.15877437325905291,0,0.39301249278196554,0,0.7059679767103347,1,0.6999024845698893,1,0.7418944034132229,1,0.3511986063287261,0,0.0,0
301,335,0.37875158285344956,1,0.3857938718662952,0,0.39301249278196554,0,0.7059679767103347,1,0.7049377855652658,1,0.7438993891106549,1,0.4154692257722825,0,0.0,0
302,335,0.42254235335850154,1,0.48885793871866295,1,0.39301249278196554,0,0.7059679767103347,1,0.7040806365417036,1,0.7491077056095157,1,0.4729233487559572,1,0.0,0
303,335,0.37247973640426935,1,0.4637883008356546,1,0.39301249278196554,0,0.7147016011644832,1,0.7022588258971524,1,0.7500858558107213,1,0.4746415935009409,1,0.0,0
304,335,0.3723957577276611,1,0.5536211699164345,1,0.3031097848065399,0,0.7147016011644832,1,0.6978883964189385,1,0.7517526706207475,1,0.4910196890933044,1,0.0,0
305,335,0.4911445342798403,1,0.7026462395543175,1,0.3764042499824391,0,0.7147016011644832,1,0.698528795210108,1,0.777598299852934,1,0.5488936130555382,1,0.0,0
306,335,0.59144113117029,1,0.5689415041782729,1,0.41684833344140865,0,0.7147016011644832,1,0.7035118218409132,1,0.8062173747919258,1,0.5712212992126354,1,0.0,0
307,335,0.6436852461589033,1,0.6371866295264624,1,0.48320180478603564,0,0.7147016011644832,1,0.7102550332925738,1,0.8205399421432843,1,0.6250480242832436,1,0.0,0
308,335,0.6857992099617185,1,0.6232590529247911,1,0.48320180478603564,0,0.7147016011644832,1,0.715806695026273,1,0.8203278277873847,1,0.6714507813115872,1,0.0,0
309,335,0.7302713905638468,1,0.5891364902506964,1,0.8486426706189774,1,0.7147016011644832,1,0.726091586807151,1,0.821635058260743,1,0.7359492568283714,1,1.0,1
310,335,0.6401575405952921,1,0.6232590529247911,1,0.8486426706189774,1,0.7147016011644832,1,0.7374426307762633,1,0.8200165247183928,1,0.7458227063142288,1,1.0,1
311,335,0.4945848866989938,1,0.5988857938718664,1,0.8486426706189774,1,0.7147016011644832,1,0.7437405246537019,1,0.7908730222861482,1,0.6953785742639971,1,1.0,1
312,335,0.36602770323955053,1,0.5988857938718664,1,0.8486426706189774,1,0.7147016011644832,1,0.750892697195494,1,0.7815141328765131,1,0.6745944624482596,1,1.0,1
313,335,0.2496039882689065,0,0.46448467966573814,1,0.8486426706189774,1,0.7147016011644832,1,0.7591314091335684,1,0.7468114161966481,1,0.5974712255833796,1,1.0,1
314,335,0.1651288091582689,0,0.5967966573816156,1,0.8486426706189774,1,0.7147016011644832,1,0.7639380334957188,1,0.5441763498553582,1,0.5090135964004677,1,1.0,1
315,335,0.12895798176233952,0,0.49025069637883006,1,0.7965889994084738,1,0.7147016011644832,1,0.7733116031520655,1,0.49238933691032205,0,0.4326919084232599,0,0.0,0
316,335,0.15566866836669277,0,0.29247910863509746,0,0.2278113320656965,0,0.7147016011644832,1,0.7865264268472594,1,0.44019870064805977,0,0.3920586720233675,0,0.0,0
317,335,0.15448813305662193,0,0.23259052924791085,0,0.2278113320656965,0,0.7147016011644832,1,0.8011591163498455,1,0.46243373951549027,0,0.392282826518738,0,0.0,0
318,335,0.1391694382775733,0,0.2681058495821727,0,0.050976094985157754,0,0.7147016011644832,1,0.8146965233619616,1,0.4622660681674936,0,0.3472386781493798,0,0.0,0
319,335,0.1445298304437961,0,0.2959610027855153,0,0.11802664392168272,0,0.7147016011644832,1,0.8261557535950561,1,0.4804464906184851,0,0.3609230797387829,0,0.0,0
320,335,0.11828739637197354,0,0.2959610027855153,0,0.11802664392168272,0,0.7147016011644832,1,0.834428449456448,1,0.48837956752913037,0,0.33980047571069427,0,0.0,0
321,335,0.07368324018943075,0,0.4651810584958217,1,0.11802664392168272,0,0.7147016011644832,1,0.8439002554477023,1,0.5126646411429125,0,0.3436633206607751,0,0.0,0
322,335,0.11366217337989835,0,0.612116991643454,1,0.11802664392168272,0,0.7147016011644832,1,0.8462010020972741,1,0.5508979507733083,1,0.3540520055249103,0,0.0,0
323,335,0.28043632572953003,0,0.49930362116991645,1,0.6406706244577344,1,0.7147016011644832,1,0.8481951508186848,1,0.6300475136157215,1,0.3582722858304291,0,0.0,0
324,335,0.36233851400363754,1,0.4672701949860724,1,0.6406706244577344,1,0.7147016011644832,1,0.8485706439825427,1,0.6383648205310536,1,0.40668391443183727,0,0.0,0
325,335,0.4371458037743368,1,0.45194986072423404,1,0.6406706244577344,1,0.7147016011644832,1,0.8433371947031748,1,0.6227849200833913,1,0.4228596511712921,0,0.0,0
326,335,0.5323413439482708,1,0.467966573816156,1,0.6406706244577344,1,0.7147016011644832,1,0.8424765769289999,1,0.6200001616109377,1,0.4897811334602889,1,0.0,0
327,335,0.5981593240259689,1,0.5320334261838441,1,0.6406706244577344,1,0.7147016011644832,1,0.8385174348824578,1,0.5879046333855875,1,0.5009704789142754,1,0.0,0
328,335,0.5559573916505466,1,0.5515320334261838,1,0.6406706244577344,1,0.7147016011644832,1,0.8324887777748063,1,0.5006492719427251,0,0.4693149722224946,1,0.0,0
329,335,0.39297541797074775,1,0.3614206128133705,0,0.47886067286993395,0,0.7147016011644832,1,0.815403811910593,1,0.4529399049727685,0,0.4234666490891788,0,0.0,0
330,335,0.3705506018236516,1,0.1915041782729805,0,0.47886067286993395,0,0.7147016011644832,1,0.7999873549214869,1,0.4137888472291804,0,0.3923055083565408,0,0.0,0
331,335,0.3370060345955474,1,0.1915041782729805,0,0.47886067286993395,0,0.6288209606986899,1,0.7751341069272695,1,0.3354228954215621,0,0.3687092703218297,0,0.0,0
332,335,0.24190583904341378,0,0.1915041782729805,0,0.2272571497855301,0,0.6288209606986899,1,0.7573519299893788,1,0.23761858202563146,0,0.30387802780759865,0,0.0,0
333,335,0.1263569954368633,0,0.1915041782729805,0,0.022584564028076556,0,0.0,0,0.7158548987790463,1,0.12948833977083574,0,0.23719144934754963,0,0.0,0
334,335,0.03023452309184805,0,0.19498607242339833,0,0.022584564028076556,0,0.0,0,0.6785378394516584,1,0.0,0,0.20679466471136893,0,0.0,0
