,aa,aggreprot_score,aggreprot_bin,ArchCandy_score,ArchCandy_bin,crossbeta_score,crossbeta_bin,pasta_score,pasta_bin,waltz_score,waltz_bin,APPNN_score,APPNN_bin,PATH_score,PATH_bin
0,293,0.3400796594396328,0,0.0,0,0.4190099756540131,0,0.12066892692971687,0,0.0,0,0.014635849648368417,0,0.9140385590725572,0
1,293,0.3029941124271343,0,0.0,0,0.5866476200040118,0,0.1886659990867826,0,0.0,0,0.014635849648368417,0,0.9533496896244132,0
2,293,0.33510190925007344,0,1.0,1,0.6741741743851445,1,0.3562475671467499,0,0.0,0,0.8030441389900231,1,1.0,0
3,293,0.26287819502596305,0,1.0,1,0.6798372029083297,1,0.39137157951975865,0,0.0,0,0.8030441389900231,1,0.9029962348884368,0
4,293,0.2132742064446527,0,1.0,1,0.6803792645191069,1,0.3992581345203182,0,0.0,0,0.8030441389900231,1,0.8450203328522385,0
5,293,0.19166539567857938,0,1.0,1,0.6864625121323897,1,0.39793684139629204,0,0.0,0,0.8030441389900231,1,0.7574650862641932,0
6,293,0.1426089303021626,0,1.0,1,0.6909378906177039,1,0.38196325933497566,0,0.0,0,0.8030441389900231,1,0.6566313070349,0
7,293,0.10878285554934883,0,1.0,1,0.6857587068260457,1,0.2983291683876165,0,0.0,0,0.8030441389900231,1,0.5086399117611868,0
8,293,0.08074696336887816,0,1.0,1,0.6748243882762726,1,0.28565446104810055,0,0.0,0,0.6152859264952214,1,0.3787446481016753,0
9,293,0.16056554849050939,0,1.0,1,0.6608771087216083,1,0.291685064732468,0,0.0,0,0.6152859264952214,1,0.31900945529640196,0
10,293,0.2500599972016651,0,1.0,1,0.6429219287119793,1,0.28764888071417194,0,0.0,0,0.10179105689341475,0,0.25083544293683985,0
11,293,0.2923286055848839,0,1.0,1,0.6279592787039544,1,0.2840972368729926,0,0.0,0,0.04442036314340224,0,0.24936725945018606,0
12,293,0.36997771472936525,1,1.0,1,0.615568223173729,1,0.31946589647361334,0,0.0,0,0.04442036314340224,0,0.2638711694125973,0
13,293,0.47469414986359554,1,1.0,1,0.6050975510704785,0,0.3643318208786105,0,0.0,0,0.029192328144198004,0,0.32986533988923344,0
14,293,0.48275333199438586,1,1.0,1,0.5936918031893786,0,0.37730624583381633,0,0.0,0,0.029192328144198004,0,0.32646580893616506,0
15,293,0.41248178994034074,1,1.0,1,0.5791810078509447,0,0.38008135758411365,0,0.0,0,0.029192328144198004,0,0.3260390344148786,0
16,293,0.33347449323546824,0,1.0,1,0.5560547759811143,0,0.3947310712874289,0,0.0,0,0.029192328144198004,0,0.3229795937145027,0
17,293,0.28208416308639506,0,1.0,1,0.5375732832800758,0,0.3903276192853331,0,0.0,0,0.03616726990198955,0,0.29817891772056,0
18,293,0.20448622959849974,0,1.0,1,0.5243526079512617,0,0.3394473349795022,0,0.0,0,0.08677274193641324,0,0.22762007784337626,0
19,293,0.09515621898324954,0,1.0,1,0.5124540001553292,0,0.30299212473641,0,0.0,0,0.08677274193641324,0,0.17007637764362463,0
20,293,0.0664790987368704,0,1.0,1,0.5110537361577945,0,0.23941851216847587,0,0.0,0,0.08677274193641324,0,0.15945617527627573,0
21,293,0.14437291859825366,0,1.0,1,0.5141798974213261,0,0.24628190690133,0,0.0,0,0.08677274193641324,0,0.22576167111277345,0
22,293,0.25523602069444945,0,0.8108108108108107,1,0.5115396901685129,0,0.3464907979956757,0,0.0,0,0.08677274193641324,0,0.30932912915521804,0
23,293,0.39472925119480046,1,0.899099099099099,1,0.5137428052604676,0,0.49595916075105717,0,0.0,0,0.08677274193641324,0,0.39569324890372526,0
24,293,0.5725626800284237,1,0.899099099099099,1,0.5183167152717967,0,0.6254730259098252,1,0.0,0,0.9180766626042268,1,0.528826451717858,0
25,293,0.5785168139974992,1,0.899099099099099,1,0.5228171979446923,0,0.631770661547894,1,0.0,0,0.9180766626042268,1,0.5784473559939577,0
26,293,0.567215841437937,1,0.899099099099099,1,0.5209309563600565,0,0.6306064576963344,1,0.0,0,0.9180766626042268,1,0.6002664198009597,0
27,293,0.4856882017953661,1,0.899099099099099,1,0.5157657673394057,0,0.6116806670252186,1,0.0,0,0.9180766626042268,1,0.5408990921489516,0
28,293,0.39635754649075006,1,0.899099099099099,1,0.5086768884747098,0,0.5074635232964582,0,0.0,0,0.9180766626042268,1,0.521817240341604,0
29,293,0.3356002894081321,0,0.899099099099099,1,0.5049606792701516,0,0.47373350488353505,0,0.0,0,0.9180766626042268,1,0.5720069127181052,0
30,293,0.26698381604103144,0,0.899099099099099,1,0.4887948084816038,0,0.47350074335119163,0,0.0,0,0.04238538074539591,0,0.5878936786331486,0
31,293,0.42830397388630964,1,0.899099099099099,1,0.47722165301311725,0,0.6667837407650625,1,0.0,0,0.8842759790416721,1,0.6688310925745001,0
32,293,0.43442481959669393,1,0.899099099099099,1,0.4693913623788142,0,0.6712678174000637,1,0.0,0,0.8842759790416721,1,0.7229954121561128,0
33,293,0.42055214402577606,1,0.899099099099099,1,0.4601575765772386,0,0.6725677162726065,1,0.0,0,0.8842759790416721,1,0.754300409127668,0
34,293,0.3847622463092312,1,0.899099099099099,1,0.44309613242260465,0,0.670478012949465,1,0.0,0,0.8842759790416721,1,0.7116163619970597,0
35,293,0.3004535330372187,0,0.899099099099099,1,0.42326539999365614,0,0.5128301128051529,0,0.0,0,0.8842759790416721,1,0.5804883556435754,0
36,293,0.18297230441069157,0,0.899099099099099,1,0.40700228017592177,0,0.39422969304201505,0,0.0,0,0.8842759790416721,1,0.46287558321523325,0
37,293,0.011562680344312057,0,0.8108108108108107,1,0.39653008168856535,0,0.30266606049620803,0,0.0,0,0.03917029045361244,0,0.3294153557849924,0
38,293,0.0004941880879084906,0,0.0,0,0.395688925506146,0,0.13948774634341543,0,0.0,0,0.03917029045361244,0,0.23584973674208554,0
39,293,0.011932606655601238,0,0.0,0,0.3982860245354192,0,0.062151489129046,0,0.0,0,0.04887732177808264,0,0.1984278364699416,0
40,293,0.032606959452788464,0,0.0,0,0.4011683928936915,0,0.18951721296293556,0,0.0,0,0.05093454398960618,0,0.2081930755873611,0
41,293,0.04713047422154649,0,0.0,0,0.40442366628584675,0,0.2553802085345236,0,0.0,0,0.05093454398960618,0,0.2394727237635685,0
42,293,0.04979193240051964,0,0.0,0,0.40743114216764226,0,0.28094693334204957,0,0.0,0,0.05093454398960618,0,0.27506761534651425,0
43,293,0.05275141532899844,0,0.0,0,0.41181793784984616,0,0.2793122540527746,0,0.0,0,0.05093454398960618,0,0.2794558221013073,0
44,293,0.05166128224383204,0,0.0,0,0.42099352834550124,0,0.26855787887882243,0,0.0,0,0.06457711680640707,0,0.2756191199416594,0
45,293,0.04056702483073074,0,0.0,0,0.4309754458175343,0,0.19607118342896368,0,0.0,0,0.14465318814082925,0,0.22029070819988916,0
46,293,0.02417246781257669,0,0.0,0,0.443162674791175,0,0.10834227236665017,0,0.0,0,0.14465318814082925,0,0.16664013477207676,0
47,293,0.02838443076087563,0,0.0,0,0.45218897454729645,0,0.17588907476795668,0,0.0,0,0.14465318814082925,0,0.1504059065420763,0
48,293,0.13362936356990487,0,0.0,0,0.45461902545447047,0,0.30973190823847074,0,0.0,0,0.2536185763192321,0,0.14696301637775666,0
49,293,0.22824216350201992,0,0.0,0,0.453250574975752,0,0.4765710165339927,0,0.0,0,0.2536185763192321,0,0.20295692103098983,0
50,293,0.32567618552798533,0,0.0,0,0.45496462324551384,0,0.5719420334641752,1,0.0,0,0.6273635200926938,1,0.2646790464354527,0
51,293,0.4746652585705099,1,0.0,0,0.4619846797063536,0,0.6316753778908241,1,0.0,0,0.8877138267230081,1,0.3642850402339342,0
52,293,0.5133696516605628,1,0.762162162162162,1,0.45619559071529014,0,0.6571527618889144,1,0.0,0,0.8877138267230081,1,0.38143399775612824,0
53,293,0.5296110171386507,1,0.762162162162162,1,0.4349380659172399,0,0.6587242488983447,1,0.0,0,0.8877138267230081,1,0.366774350446276,0
54,293,0.46400046956651864,1,0.762162162162162,1,0.4165773544537154,0,0.6373908125556523,1,0.0,0,0.8877138267230081,1,0.3771035386653789,0
55,293,0.4655515690036878,1,0.762162162162162,1,0.4083900690697041,0,0.6204536967978947,1,0.0,0,0.9381330116026972,1,0.3821170299951014,0
56,293,0.49446440622896226,1,0.762162162162162,1,0.40074413922226376,0,0.6178422114524618,1,0.0,0,1.0,1,0.3869772107892399,0
57,293,0.519596738556358,1,0.8486486486486485,1,0.3954772381554706,0,0.6140269032712407,1,0.0,0,1.0,1,0.40157359022125744,0
58,293,0.5664646725829383,1,0.8486486486486485,1,0.38788345802798097,0,0.6410046582020708,1,0.0,0,1.0,1,0.46855820213891586,0
59,293,0.549759648312562,1,0.8486486486486485,1,0.3756101902815047,0,0.6407142510476747,1,0.0,0,1.0,1,0.4853915038211942,0
60,293,0.5265665329594298,1,0.8486486486486485,1,0.357330034593996,0,0.6223704632548779,1,0.0,0,1.0,1,0.4287509509699457,0
61,293,0.4316369773196684,1,0.8486486486486485,1,0.34313991927696175,0,0.5967686756463095,1,0.0,0,1.0,1,0.36145284009057965,0
62,293,0.308831417037323,0,0.8486486486486485,1,0.3362355688080864,0,0.551189213335354,0,0.0,0,0.915785793854414,1,0.2949650735595283,0
63,293,0.1617152884718402,0,0.8486486486486485,1,0.34264381580606534,0,0.4454784339011726,0,0.0,0,0.7124756056731308,1,0.20819569813644595,0
64,293,0.13124170124179244,0,0.8486486486486485,1,0.35454107985060357,0,0.37524209675550246,0,0.0,0,0.04799739903860964,0,0.14397775867328533,0
65,293,0.1642696051524581,0,0.8486486486486485,1,0.3665864851709836,0,0.30381421865915503,0,0.0,0,0.04799739903860964,0,0.14376013326591297,0
66,293,0.19244602814646516,0,0.8486486486486485,1,0.3700850924592402,0,0.22873604545089887,0,0.0,0,0.04799739903860964,0,0.18560518657203204,0
67,293,0.23871919200102446,0,0.8486486486486485,1,0.3657033935556653,0,0.217691857407314,0,0.0,0,0.04799739903860964,0,0.20386023561587277,0
68,293,0.2802318114606744,0,0.8486486486486485,1,0.3587639408378393,0,0.2305177111716622,0,0.0,0,0.04018034779654031,0,0.20869157732075863,0
69,293,0.253423900978726,0,0.8486486486486485,1,0.35624599003831686,0,0.23474327393457128,0,0.0,0,0.030135897401910174,0,0.19636687656956145,0
70,293,0.1949340650155003,0,0.8486486486486485,1,0.3493486715313112,0,0.22536506417780222,0,0.0,0,0.030135897401910174,0,0.14553438029062088,0
71,293,0.14738547266695504,0,0.8486486486486485,1,0.34112953163307375,0,0.2230737002249369,0,0.0,0,0.030135897401910174,0,0.08401458358231603,0
72,293,0.11415329328861398,0,0.8486486486486485,1,0.3298315724240606,0,0.27648207191439933,0,0.0,0,0.030135897401910174,0,0.0637479147875861,0
73,293,0.11209833094373009,0,0.8486486486486485,1,0.3153603372923085,0,0.4038087710488236,0,0.0,0,0.09968731057830993,0,0.10846278323198885,0
74,293,0.11741139483708969,0,0.8486486486486485,1,0.3063031755698362,0,0.5064233268655343,0,0.0,0,0.1173687924804303,0,0.18482826476749156,0
75,293,0.2643601722909528,0,0.8486486486486485,1,0.2997571437398058,0,0.6373704087787746,1,0.0,0,0.1533559224725477,0,0.3099463286755997,0
76,293,0.4131008276985354,1,0.8486486486486485,1,0.2969159868817436,0,0.7308549677749088,1,0.0,0,0.1533559224725477,0,0.46090909985655837,0
77,293,0.44137517096595835,1,0.8486486486486485,1,0.298143544266957,0,0.7328949492728432,1,0.0,0,0.1533559224725477,0,0.5435771425127502,0
78,293,0.4443368331752716,1,0.8486486486486485,1,0.29531270031341017,0,0.7306487509619985,1,0.0,0,0.1533559224725477,0,0.5526187962179597,0
79,293,0.39630165297628567,1,0.8486486486486485,1,0.2857590321972606,0,0.7016623135307747,1,0.0,0,0.15507187700445813,0,0.47528184420657177,0
80,293,0.3464420956557927,0,0.8486486486486485,1,0.2764763872117798,0,0.5768137818598538,1,0.0,0,0.15507187700445813,0,0.38104772458835584,0
81,293,0.19937836736499845,0,0.0,0,0.2806503558071886,0,0.22679233808464005,0,0.0,0,0.15507187700445813,0,0.25384696358368586,0
82,293,0.05231122161074191,0,0.0,0,0.29478138094867534,0,0.1406565063781613,0,0.0,0,0.15507187700445813,0,0.14064529115723562,0
83,293,0.0270157863524634,0,0.0,0,0.304408535243327,0,0.0426898516962374,0,0.0,0,0.15507187700445813,0,0.1391709778684098,0
84,293,0.027053812251251388,0,0.0,0,0.3139294906049672,0,0.01035957199611337,0,0.0,0,0.15507187700445813,0,0.2049968053788365,0
85,293,0.14027763598999096,0,0.0,0,0.3266051586612179,0,0.13655752626986284,0,0.0,0,0.1490100826767251,0,0.3491826838378967,0
86,293,0.25813884637981177,0,0.0,0,0.3482086170192953,0,0.23324686490025437,0,0.0,0,0.14190840077487968,0,0.49254326042107105,0
87,293,0.46275468032525785,1,0.0,0,0.3778290299523842,0,0.548974115927129,0,0.0,0,0.9444978366007315,1,0.6578182686521924,0
88,293,0.6765078918884668,1,0.0,0,0.39951232458151154,0,0.59294326462411,1,0.0,0,0.9515701951787006,1,0.7814051859900022,0
89,293,0.7824915488038956,1,0.0,0,0.41456555362827874,0,0.611386892257163,1,0.0,0,0.9515701951787006,1,0.8066717290689058,0
90,293,0.8337091283802261,1,0.0,0,0.4271861363843169,0,0.6116709603740824,1,0.0,0,0.9515701951787006,1,0.7501707491090638,0
91,293,0.7572149699676904,1,0.0,0,0.4339196143860956,0,0.5918052093021415,1,0.0,0,0.9515701951787006,1,0.6253621648364929,0
92,293,0.6630890065742822,1,0.0,0,0.43398431743833366,0,0.5848956584526609,1,0.0,0,0.9515701951787006,1,0.5436246138545855,0
93,293,0.4660835439255985,1,0.0,0,0.43535690783793396,0,0.511492575897593,0,0.0,0,0.9515701951787006,1,0.4232168358314269,0
94,293,0.2542565063685224,0,0.0,0,0.43330324436868,0,0.4367781049645558,0,0.0,0,0.7210953858903384,1,0.3292247757978158,0
95,293,0.14498610340495752,0,0.0,0,0.43548268763737963,0,0.2998800535252478,0,0.0,0,0.05079082828834,0,0.27856568268106024,0
96,293,0.09158593905409917,0,0.0,0,0.4420420166571392,0,0.2798871255139326,0,0.0,0,0.05079082828834,0,0.27824018768896486,0
97,293,0.053064068090813314,0,0.7909909909909909,1,0.457094152056358,0,0.29358558740591745,0,0.0,0,0.05079082828834,0,0.31069273219630966,0
98,293,0.037110272092295296,0,0.7909909909909909,1,0.46618893023641766,0,0.27513601692523015,0,0.0,0,0.05079082828834,0,0.29843338129810104,0
99,293,0.08201339619626637,0,0.7909909909909909,1,0.48088453653478386,0,0.3583790684982523,0,0.0,0,0.18220761368989533,0,0.32837370562236784,0
100,293,0.12723797767898887,0,0.7909909909909909,1,0.49736872148605654,0,0.4549903577297135,0,0.0,0,0.2237839171384548,0,0.36497368549111203,0
101,293,0.17857641536412022,0,0.7909909909909909,1,0.5158721539546767,0,0.5791566504922164,1,0.0,0,0.2237839171384548,0,0.4272185856939743,0
102,293,0.2051576421027283,0,0.7909909909909909,1,0.5331233887603184,0,0.5891109202796705,1,0.0,0,0.2237839171384548,0,0.4342637609003392,0
103,293,0.25698190109329117,0,0.7909909909909909,1,0.5499032039121048,0,0.6212310212684613,1,0.0,0,0.9085494431826812,1,0.4383805512551304,0
104,293,0.2807724656030787,0,0.7909909909909909,1,0.5582912311816861,0,0.6212383507805437,1,0.0,0,0.9085494431826812,1,0.44023915372296046,0
105,293,0.28067924114927917,0,0.7909909909909909,1,0.5612144167715722,0,0.5710133644738551,1,0.0,0,0.9085494431826812,1,0.4044006211116741,0
106,293,0.3111208236623275,0,0.7909909909909909,1,0.5670035921032315,0,0.5435128370461274,0,0.0,0,0.9085494431826812,1,0.354790815442573,0
107,293,0.34094484006656883,0,0.7909909909909909,1,0.5651493030911349,0,0.5293155721427036,0,0.0,0,0.9085494431826812,1,0.29316958987005637,0
108,293,0.4089732373646281,1,0.7909909909909909,1,0.5635497188370734,0,0.5304217341823683,0,0.0,0,0.938497111410153,1,0.2824826001234871,0
109,293,0.5251045619340271,1,0.7909909909909909,1,0.559026469323149,0,0.5421121078587228,0,0.0,0,0.938497111410153,1,0.29196747498796516,0
110,293,0.5616030144646996,1,0.7909909909909909,1,0.5560008837864727,0,0.5437505509514995,0,0.0,0,0.938497111410153,1,0.30179105958059943,0
111,293,0.5519928411492798,1,0.7909909909909909,1,0.5573848851658604,0,0.5425879318593091,0,0.0,0,0.938497111410153,1,0.3395331296616428,0
112,293,0.5408708026278785,1,0.7909909909909909,1,0.5599752373517816,0,0.5366809394057351,0,0.0,0,0.938497111410153,1,0.40041185044099087,0
113,293,0.5255741292669481,1,0.7909909909909909,1,0.5563984534505972,0,0.5342435794959871,0,0.0,0,0.938497111410153,1,0.4558799323539209,0
114,293,0.4172332060130049,1,0.7909909909909909,1,0.5522849764050234,0,0.5215736264345787,0,0.0,0,0.9120887983325702,1,0.48170830793435737,0
115,293,0.2536952871693682,0,0.7423423423423422,1,0.534075485698595,0,0.5053843190041372,0,0.0,0,0.8181115975314108,1,0.4740664052959126,0
116,293,0.20173257903234493,0,0.7423423423423422,1,0.520329261406432,0,0.5019380616610061,0,0.0,0,0.0558638368007508,0,0.4933120222680091,0
117,293,0.2568305089197255,0,0.8126126126126125,1,0.5253110606597403,0,0.7840276065082106,1,0.0,0,0.07147616155039895,0,0.5236157262774057,0
118,293,0.2806413776293004,0,0.8126126126126125,1,0.526787719519699,0,0.8022297564323897,1,0.0,0,0.07147616155039895,0,0.5112565910845658,0
119,293,0.2782622340377132,0,0.8126126126126125,1,0.5310615834466621,0,0.835310815883647,1,0.0,0,0.07147616155039895,0,0.5018659800653834,0
120,293,0.41823154604069007,1,0.8126126126126125,1,0.5355304619996641,0,0.9934725742534051,1,0.0,0,0.7721865553370779,1,0.552835363560801,0
121,293,0.4380120805458154,1,0.8126126126126125,1,0.5384472819999728,0,0.9949586823518225,1,0.0,0,0.7721865553370779,1,0.5642407287174962,0
122,293,0.45345831064147624,1,0.8126126126126125,1,0.5349248203547597,0,0.9945624925095359,1,0.0,0,0.7721865553370779,1,0.5760723850587867,0
123,293,0.45111986707897556,1,0.8126126126126125,1,0.5299736808684573,0,0.9942124587838755,1,0.0,0,0.7721865553370779,1,0.5890892611680358,0
124,293,0.5368249809959271,1,0.8126126126126125,1,0.5295302399954105,0,0.994845966341692,1,0.0,0,0.7721865553370779,1,0.6251257752717881,0
125,293,0.6604303007995804,1,0.8126126126126125,1,0.5259230737978531,0,0.9959723340633132,1,0.0,0,0.7721865553370779,1,0.6367610028279566,0
126,293,0.6614750928696645,1,0.8126126126126125,1,0.5111232307856599,0,0.9961100100335079,1,0.0,0,0.534248160165797,1,0.5773010217463248,0
127,293,0.8060361762441963,1,0.8126126126126125,1,0.4924429248095483,0,0.9999302705877576,1,0.0,0,0.534248160165797,1,0.5938532346417126,0
128,293,0.8555102491974731,1,0.8126126126126125,1,0.4665929820868222,0,1.0,1,0.0,0,0.534248160165797,1,0.5601662166616383,0
129,293,0.7814473769916049,1,0.8126126126126125,1,0.443404574574673,0,0.9893212970859248,1,0.0,0,0.40508347995105387,0,0.48200081755270746,0
130,293,0.7280760034276226,1,0.8126126126126125,1,0.42113845730840066,0,0.9891612363896408,1,0.0,0,0.8585605049014814,1,0.44343247939348374,0
131,293,0.60957459483389,1,0.8126126126126125,1,0.4010450147984693,0,0.9913466195596945,1,0.0,0,0.8724484710048239,1,0.44487144974670056,0
132,293,0.5503349461933325,1,0.7711711711711711,1,0.38124167669091014,0,0.9920981916905124,1,0.0,0,0.8724484710048239,1,0.4470196403782106,0
133,293,0.44612859263634635,1,0.7711711711711711,1,0.3677082199796296,0,0.9929686207740163,1,0.0,0,0.8919424376285764,1,0.43200678017738586,0
134,293,0.4385298217216612,1,0.7711711711711711,1,0.35720272796811436,0,0.993945030640332,1,0.0,0,0.8919424376285764,1,0.4702580880963068,0
135,293,0.5604479788861693,1,0.7711711711711711,1,0.3496671797758891,0,0.9950149413094274,1,0.0,0,0.8919424376285764,1,0.5209456121042225,0
136,293,0.5598983339315026,1,0.7711711711711711,1,0.3524255411681176,0,0.9925433109783215,1,0.0,0,0.8919424376285764,1,0.5275172261744452,0
137,293,0.5528947910678229,1,0.7711711711711711,1,0.3475517392412588,0,0.9905908874355325,1,0.0,0,0.8919424376285764,1,0.49922050145972097,0
138,293,0.4880570232658507,1,0.7711711711711711,1,0.3381703538219401,0,0.9899120161407743,1,0.0,0,0.8919424376285764,1,0.49081695606213555,0
139,293,0.44982693824540343,1,0.7711711711711711,1,0.3199335315201955,0,0.9526234205644318,1,0.0,0,0.8919424376285764,1,0.43946289261989147,0
140,293,0.40192981075452416,1,0.7711711711711711,1,0.29923565687165643,0,0.8829025264035768,1,0.0,0,0.855584537924791,1,0.3835363620864721,0
141,293,0.2686893069102227,0,0.7711711711711711,1,0.278580434477514,0,0.8360433709020352,1,0.0,0,0.855584537924791,1,0.31804333261595613,0
142,293,0.15020480326710944,0,0.7711711711711711,1,0.26024846483903896,0,0.7138703092360767,1,0.0,0,0.855584537924791,1,0.25616947223104053,0
143,293,0.0953176571656202,0,0.7711711711711711,1,0.24824358203835578,0,0.6960126463797658,1,0.0,0,0.03347397202842656,0,0.1995880183608917,0
144,293,0.0854951494198249,0,0.7711711711711711,1,0.2412818150731778,0,0.6931822661464695,1,0.0,0,0.11417484006057889,0,0.15965242575444077,0
145,293,0.059174468627403436,0,0.7711711711711711,1,0.22428153917202484,0,0.6899348961041664,1,0.0,0,0.17352958228416096,0,0.1416619385389371,0
146,293,0.0325734656530418,0,0.0,0,0.2075243408286537,0,0.45243948943015033,0,0.0,0,0.17352958228416096,0,0.08858257132950462,0
147,293,0.025066327362070758,0,0.0,0,0.20009186928686298,0,0.2653354687965833,0,0.0,0,0.17352958228416096,0,0.07413452255766678,0
148,293,0.030421921337582616,0,0.0,0,0.18970505279344954,0,0.03736723926003649,0,0.0,0,0.17352958228416096,0,0.10939207292423841,0
149,293,0.026019594835799156,0,0.0,0,0.17962042838584114,0,0.07865517319934212,0,0.0,0,0.17352958228416096,0,0.15520955955556534,0
150,293,0.01860893611435265,0,0.0,0,0.17595073757569754,0,0.13877995319017022,0,0.0,0,0.17352958228416096,0,0.2191183069826529,0
151,293,0.018487252331721736,0,0.0,0,0.1725689063124323,0,0.20509757660578243,0,0.0,0,0.07259558603372296,0,0.29475541849667974,0
152,293,0.017405615438585948,0,0.0,0,0.16382912302725175,0,0.221658906298131,0,0.0,0,0.07259558603372296,0,0.3760657236333632,0
153,293,0.013769029213295191,0,0.0,0,0.14963396674773113,0,0.22095249980933374,0,0.0,0,0.041845755313890745,0,0.40336566417293945,0
154,293,0.003624330936135748,0,0.0,0,0.13529966263547016,0,0.19859946890751656,0,0.0,0,0.03964751612440925,0,0.349681645353566,0
155,293,0.0,0,0.0,0,0.12866279533282984,0,0.11310724759983248,0,0.0,0,0.03964751612440925,0,0.29962386854092776,0
156,293,0.0008754807097769595,0,0.0,0,0.12801641125799326,0,0.06207660924885383,0,0.0,0,0.03964751612440925,0,0.2427737009048886,0
157,293,0.001956775341588113,0,0.0,0,0.13227443205457742,0,0.10279799171368953,0,0.0,0,0.03964751612440925,0,0.194333726430295,0
158,293,0.03859064653967645,0,0.0,0,0.1355084002505884,0,0.14262656036893206,0,0.0,0,0.5131659584743236,1,0.1888990846680681,0
159,293,0.2338711024246136,0,0.0,0,0.13870610539630238,0,0.26455695575648996,0,0.9965986410816096,1,0.8999295079218651,1,0.237206899062666,0
160,293,0.41264019770786375,1,0.0,0,0.1390063928233204,0,0.3699775261311964,0,0.9965986410816096,1,0.8999295079218651,1,0.31631759167873896,0
161,293,0.5672684374482058,1,0.0,0,0.14069313754000984,0,0.40109823824281887,0,0.9965986410816096,1,0.8999295079218651,1,0.3762306618082111,0
162,293,0.6285655689623696,1,0.0,0,0.1402769707018822,0,0.40379629106879156,0,0.9965986410816096,1,0.8999295079218651,1,0.4199359795820115,0
163,293,0.6670537017051528,1,0.0,0,0.13656811889682444,0,0.4098924641720575,0,0.9965986410816096,1,0.8999295079218651,1,0.45226090106167527,0
164,293,0.6454910261233694,1,0.0,0,0.12480524362089644,0,0.3990283444117919,0,0.9965986410816096,1,0.8999295079218651,1,0.42196220001101425,0
165,293,0.4629214536023766,1,0.0,0,0.10775308587702657,0,0.22580919299100555,0,0.9965986410816096,1,0.08936156571581036,0,0.34059299728351927,0
166,293,0.3185516904997185,0,0.0,0,0.10340974581257345,0,0.2140625603570464,0,0.0,0,0.08936156571581036,0,0.257670818927308,0
167,293,0.18199906562688664,0,0.0,0,0.10625555546941808,0,0.1831536117161262,0,0.0,0,0.08936156571581036,0,0.1718131192014549,0
168,293,0.13426343483326414,0,0.0,0,0.11285862005976907,0,0.1858817749701125,0,0.0,0,0.08936156571581036,0,0.09164238560297637,0
169,293,0.10562960975117401,0,0.0,0,0.12234217961201167,0,0.1840448407663502,0,0.0,0,0.08936156571581036,0,0.02926839045674848,0
170,293,0.10545715175286229,0,0.0,0,0.13166583638056553,0,0.27093620650206973,0,0.0,0,0.08936156571581036,0,0.0,0
171,293,0.10476642448185691,0,0.0,0,0.13902196364874225,0,0.3158385803725572,0,0.0,0,0.06783358435325336,0,0.013006536661195896,0
172,293,0.1143173222175705,0,0.0,0,0.14308501262060783,0,0.3474662173873856,0,0.0,0,0.04454102817713155,0,0.04279140511333649,0
173,293,0.22026516655978137,0,0.0,0,0.14502123369257933,0,0.40077257019245927,0,0.0,0,0.10706495049709994,0,0.12658113490797518,0
174,293,0.2957170256363846,0,0.0,0,0.1445754904036405,0,0.4936022273792935,0,0.0,0,0.10706495049709994,0,0.2050142241077181,0
175,293,0.2974237000643286,0,0.0,0,0.13746169167012665,0,0.5003475575391461,0,0.0,0,0.10706495049709994,0,0.25569003426719356,0
176,293,0.31903475282826615,0,0.0,0,0.12986075929429594,0,0.5011763866892098,0,0.0,0,0.10706495049709994,0,0.3326927099632931,0
177,293,0.3212319838788062,0,0.0,0,0.1222235638681682,0,0.5023152343908632,0,0.0,0,0.10706495049709994,0,0.40828811248870994,0
178,293,0.2792185796083857,0,0.0,0,0.11268929286795361,0,0.48701081697316906,0,0.0,0,0.10706495049709994,0,0.41506436688583587,0
179,293,0.15484033419450471,0,0.0,0,0.09536842400270644,0,0.2715508950423776,0,0.0,0,0.09147469823197202,0,0.3678297851263731,0
180,293,0.0715270162504058,0,0.0,0,0.08148736447987757,0,0.23613528694544572,0,0.0,0,0.09147469823197202,0,0.3282238335609657,0
181,293,0.06226393568537519,0,0.0,0,0.0765306416350375,0,0.20802225002154295,0,0.0,0,0.09147469823197202,0,0.32816673011029984,0
182,293,0.037208949797412204,0,0.0,0,0.06844821653582395,0,0.13657317576863326,0,0.0,0,0.09147469823197202,0,0.2622904181766754,0
183,293,0.04018610967433178,0,0.0,0,0.05672446314325816,0,0.15687136805343016,0,0.0,0,0.09147469823197202,0,0.20822273154388765,0
184,293,0.06155901687766686,0,0.0,0,0.05106743172471447,0,0.2346036170151653,0,0.0,0,0.034882944692110146,0,0.21873612262658898,0
185,293,0.08385065144706992,0,0.0,0,0.04547446502836105,0,0.31043791853742564,0,0.0,0,0.513788805078483,1,0.29593905705644663,0
186,293,0.09690970970875874,0,0.0,0,0.03692424658032149,0,0.3373990334948799,0,0.0,0,0.513788805078483,1,0.34664026735990494,0
187,293,0.104222963087788,0,0.0,0,0.03019707660772361,0,0.3529572105065586,0,0.0,0,0.513788805078483,1,0.38854850233468313,0
188,293,0.09680554004549836,0,0.0,0,0.023312766750507162,0,0.3982617170669671,0,0.0,0,0.513788805078483,1,0.5109974006060877,0
189,293,0.08345258491645165,0,0.0,0,0.01903577020961404,0,0.42782758214253525,0,0.0,0,0.513788805078483,1,0.5509993954769973,0
190,293,0.0629579961809429,0,0.0,0,0.012743756840575242,0,0.44132695863877114,0,0.0,0,0.513788805078483,1,0.5998578175144398,0
191,293,0.04325197667056951,0,0.0,0,0.004865148680464711,0,0.44119997979431824,0,0.0,0,0.0,0,0.5394141977437273,0
192,293,0.04956231562068594,0,0.0,0,0.0,0,0.4566280084428057,0,0.0,0,0.02667037128706625,0,0.5242558475457335,0
193,293,0.05754502172097537,0,0.0,0,0.0049343030700928865,0,0.41982018924007836,0,0.0,0,0.05995590250409563,0,0.46719508196342713,0
194,293,0.12215425670920393,0,0.0,0,0.02283166809445987,0,0.6271885279269267,1,0.0,0,0.9263045757084256,1,0.3964679108972437,0
195,293,0.2898479729876339,0,0.0,0,0.03752340825280769,0,0.6839962084632094,1,0.0,0,0.9494394389467694,1,0.40071736728096496,0
196,293,0.47519312160263555,1,0.0,0,0.051237945546258074,0,0.7626369207333079,1,0.0,0,0.9494394389467694,1,0.37596266127014816,0
197,293,0.6859754454089134,1,0.0,0,0.04952831097824332,0,0.8198655529770201,1,0.0,0,0.9494394389467694,1,0.439029378472508,0
198,293,0.8151209955970778,1,0.0,0,0.04456406764611066,0,0.8221723683337345,1,0.0,0,0.9494394389467694,1,0.45233188654511136,0
199,293,1.0,1,0.0,0,0.03899181383733857,0,0.827820252630453,1,0.0,0,0.9494394389467694,1,0.5028086168695323,0
200,293,0.9750301752145201,1,0.0,0,0.0337951416209233,0,0.8276942642606058,1,0.0,0,0.9494394389467694,1,0.5311689203804308,0
201,293,0.8133420113985294,1,0.0,0,0.025803796994985344,0,0.7628562118110136,1,0.0,0,0.9356102402730149,1,0.5232593625117155,0
202,293,0.636786250716161,1,0.0,0,0.02509084948635211,0,0.7550528566773341,1,0.0,0,0.9356102402730149,1,0.5708581177402504,0
203,293,0.4267845835707851,1,0.0,0,0.02758338294274523,0,0.727252809728838,1,0.0,0,0.92271523527873,1,0.5231889062960892,0
204,293,0.27058291405564094,0,0.0,0,0.03425529050621611,0,0.6803956351765076,1,0.0,0,0.92271523527873,1,0.5167804708855661,0
205,293,0.06686995692744616,0,0.0,0,0.04448399891960998,0,0.5877997299966227,1,0.0,0,0.03627634318582533,0,0.4683302488251559,0
206,293,0.023869527587149244,0,0.0,0,0.05345524289367189,0,0.5617399469303708,1,0.0,0,0.03627634318582533,0,0.4069181952143404,0
207,293,0.022678240573754276,0,0.0,0,0.0638062095909232,0,0.3834471883892606,0,0.0,0,0.03627634318582533,0,0.3740259203127201,0
208,293,0.019548870312015573,0,0.0,0,0.07891252851079657,0,0.30580249738267096,0,0.0,0,0.03627634318582533,0,0.29596198469299784,0
209,293,0.015162253555371825,0,0.0,0,0.09172857678265306,0,0.12540240507043765,0,0.0,0,0.029032283975192502,0,0.2473723913670137,0
210,293,0.01885449758904745,0,0.0,0,0.1130263267050135,0,0.12813512450761044,0,0.0,0,0.029032283975192502,0,0.21721716758836143,0
211,293,0.020162597213925174,0,0.0,0,0.1396376495829747,0,0.18675319452822214,0,0.0,0,0.05547927991437207,0,0.19290108797617095,0
212,293,0.019864758224238954,0,0.0,0,0.169413441642888,0,0.24603666538895452,0,0.0,0,0.05547927991437207,0,0.164387577333591,0
213,293,0.015146014388995684,0,0.0,0,0.18620904753033204,0,0.25913450348003264,0,0.0,0,0.05547927991437207,0,0.12563911923387283,0
214,293,0.027137467089348645,0,0.0,0,0.20420254284590666,0,0.333656029959876,0,0.0,0,0.05755817153621373,0,0.0969439359434545,0
215,293,0.06294221690598249,0,0.9729729729729729,1,0.22750417165953715,0,0.5008558691067999,0,0.0,0,0.1390146667302012,0,0.10934682135091191,0
216,293,0.0949455620677672,0,0.9729729729729729,1,0.24832068788030293,0,0.5257478826129118,0,0.0,0,0.1390146667302012,0,0.08132685517856816,0
217,293,0.1506826130462205,0,0.9729729729729729,1,0.27144716040496086,0,0.5430607844360782,0,0.0,0,0.1390146667302012,0,0.10965835375412226,0
218,293,0.20523855447804001,0,0.9729729729729729,1,0.29319442825000597,0,0.5575856983390732,1,0.0,0,0.1390146667302012,0,0.13488987565078944,0
219,293,0.20527465039773712,0,0.9729729729729729,1,0.31226246106230504,0,0.551672763037865,0,0.0,0,0.1390146667302012,0,0.1534776826920273,0
220,293,0.19318574408018557,0,0.9729729729729729,1,0.33114422400123134,0,0.49453366969850954,0,0.0,0,0.1390146667302012,0,0.1453593264347064,0
221,293,0.15772732928509406,0,0.9729729729729729,1,0.3515074188853685,0,0.4334528836182434,0,0.0,0,0.15906175620099033,0,0.12474321133625148,0
222,293,0.12702550913009444,0,0.9729729729729729,1,0.3604550387440632,0,0.35081303108010276,0,0.0,0,0.15906175620099033,0,0.12391096302646387,0
223,293,0.07259326255565018,0,0.9729729729729729,1,0.3585714035227448,0,0.24843817011797553,0,0.0,0,0.15906175620099033,0,0.0857570528683744,0
224,293,0.02002142469353584,0,0.9729729729729729,1,0.35687388984608376,0,0.13858918778110918,0,0.0,0,0.15906175620099033,0,0.06268395199430747,0
225,293,0.02169986958179221,0,0.9729729729729729,1,0.3542637560702925,0,0.042020290862772924,0,0.0,0,0.15906175620099033,0,0.07475341823180805,0
226,293,0.028932286108427508,0,0.9729729729729729,1,0.3662046604893809,0,0.019811671158469046,0,0.0,0,0.15906175620099033,0,0.14045591291654996,0
227,293,0.08181971230620895,0,0.9729729729729729,1,0.38913801788111047,0,0.26867693392642966,0,0.0,0,0.12749247049854384,0,0.21090013769430874,0
228,293,0.1811000208899417,0,0.9729729729729729,1,0.41406066703111777,0,0.3131952017448202,0,0.0,0,0.06810656718146346,0,0.2850771743306493,0
229,293,0.33437963757107786,0,0.9729729729729729,1,0.44551872811785453,0,0.354498587087975,0,0.0,0,0.8980257466497638,1,0.3833936957931321,0
230,293,0.4035802123835758,1,0.9729729729729729,1,0.4786578406076254,0,0.4351685837302661,0,0.0,0,0.8980257466497638,1,0.47340039512939414,0
231,293,0.4216935573388026,1,0.9729729729729729,1,0.5048392249534288,0,0.445935042694408,0,0.0,0,0.8980257466497638,1,0.511736098769495,0
232,293,0.42012741226152284,1,0.9729729729729729,1,0.5283763422078437,0,0.4442021083242458,0,0.0,0,0.8980257466497638,1,0.5003155289993659,0
233,293,0.4227500026484705,1,0.9729729729729729,1,0.5495706937319076,0,0.4702379219050392,0,0.0,0,0.8980257466497638,1,0.5002035190187554,0
234,293,0.39420630658270045,1,0.9729729729729729,1,0.5559381584504486,0,0.4654816628483871,0,0.0,0,0.8980257466497638,1,0.479620096041521,0
235,293,0.3527964363374488,1,0.9729729729729729,1,0.5625054153080049,0,0.46181631252247146,0,0.0,0,0.5690825736826407,1,0.4314358156273513,0
236,293,0.4482244466465693,1,0.9729729729729729,1,0.5723789989466496,0,0.5136795438270156,0,0.0,0,0.8765358878950978,1,0.38375061756302387,0
237,293,0.5555542604617892,1,0.9729729729729729,1,0.581419309493837,0,0.5315049172111801,0,0.0,0,0.8765358878950978,1,0.3441606872427801,0
238,293,0.5839306697823142,1,0.7441441441441441,1,0.5882391657272045,0,0.5515986755373574,0,0.0,0,0.8765358878950978,1,0.33886646326899256,0
239,293,0.540464601065208,1,0.7441441441441441,1,0.5852773762975315,0,0.5468743097630093,0,0.0,0,0.8765358878950978,1,0.3164292683643114,0
240,293,0.4723702136042525,1,0.7441441441441441,1,0.5865939360780876,0,0.5012477008608216,0,0.0,0,0.8765358878950978,1,0.26978861341643107,0
241,293,0.35863471814623676,1,0.7441441441441441,1,0.587444515662332,0,0.4508466081692366,0,0.0,0,0.8765358878950978,1,0.25733147676298385,0
242,293,0.19371046461908123,0,0.7441441441441441,1,0.5924157865286115,0,0.35134135023479207,0,0.0,0,0.834039886722902,1,0.23400189369761096,0
243,293,0.07497287677885273,0,0.7441441441441441,1,0.6039766580179515,0,0.32552779915552144,0,0.0,0,0.834039886722902,1,0.2648765507153761,0
244,293,0.04505438077650344,0,0.7441441441441441,1,0.6078704845874432,0,0.2148701933505479,0,0.0,0,0.4762671207989163,0,0.24096551408135092,0
245,293,0.05126141315793047,0,0.7441441441441441,1,0.6076015675769525,0,0.17621890281166042,0,0.0,0,0.11523835602395646,0,0.20947985094230917,0
246,293,0.06339189576498941,0,0.7441441441441441,1,0.6053369740318065,0,0.16551147613401918,0,0.0,0,0.10669741293773642,0,0.22375976967989109,0
247,293,0.14884259719690937,0,0.7441441441441441,1,0.6098839627818934,1,0.24282495243245716,0,0.0,0,0.840167135009054,1,0.2414058024798279,0
248,293,0.1968469137191764,0,0.7441441441441441,1,0.6199611530428053,1,0.2795396670222471,0,0.0,0,0.840167135009054,1,0.25441130392427985,0
249,293,0.2050301137626214,0,0.7441441441441441,1,0.6341921362419197,1,0.30003833136724134,0,0.0,0,0.840167135009054,1,0.22120595545377092,0
250,293,0.19701345147387825,0,0.7441441441441441,1,0.6485529756973346,1,0.3058599449098025,0,0.0,0,0.840167135009054,1,0.2484548881909446,0
251,293,0.17999582020128596,0,0.7441441441441441,1,0.6710388105934856,1,0.3078163303510144,0,0.0,0,0.840167135009054,1,0.26141642648882507,0
252,293,0.16151041322658133,0,0.8738738738738737,1,0.6962975600689827,1,0.2952571123505251,0,0.0,0,0.840167135009054,1,0.25445416307520163,0
253,293,0.08097344816160548,0,0.8738738738738737,1,0.7205000186936975,1,0.21278108431217002,0,0.0,0,0.06896368305490239,0,0.20248839771412422,0
254,293,0.06954347358877797,0,0.8738738738738737,1,0.7475720933652155,1,0.19827023514857622,0,0.0,0,0.13039427249399518,0,0.1971831787727844,0
255,293,0.16176685178954722,0,0.8738738738738737,1,0.7712148922470202,1,0.22450988840322628,0,0.0,0,0.30384187638815147,0,0.2428149903892845,0
256,293,0.27303498222494527,0,0.8738738738738737,1,0.7853936393855888,1,0.3986531526311464,0,0.0,0,0.39301249278196554,0,0.2793417190749659,0
257,293,0.30442889889928715,0,0.8738738738738737,1,0.7953774379018866,1,0.5151622843117737,0,0.0,0,0.39301249278196554,0,0.329369454816316,0
258,293,0.3556830883141602,1,0.8738738738738737,1,0.7998121794495237,1,0.7463453963235565,1,0.0,0,0.39301249278196554,0,0.40919154178361683,0
259,293,0.42673849285780857,1,0.8738738738738737,1,0.7996424633560498,1,0.7483144598397214,1,0.0,0,0.39301249278196554,0,0.48407507886941287,0
260,293,0.47607744908739336,1,0.8738738738738737,1,0.801660445282611,1,0.7533537965386876,1,0.0,0,0.39301249278196554,0,0.5510165209533541,0
261,293,0.4196720143082917,1,0.8846846846846846,1,0.8056603755890723,1,0.7544801642603087,1,0.0,0,0.39301249278196554,0,0.5530184970537466,0
262,293,0.419577395737329,1,0.8846846846846846,1,0.8075099070129464,1,0.7560150037093276,1,0.0,0,0.3031097848065399,0,0.5721010847011643,0
263,293,0.5533713538553875,1,0.8846846846846846,1,0.8229225579395072,1,0.7798501808111393,1,0.0,0,0.3764042499824391,0,0.6395316489130509,0
264,293,0.666375285966201,1,0.8846846846846846,1,0.8378663794300906,1,0.8061025121407426,1,0.0,0,0.41684833344140865,0,0.6655462747072421,0
265,293,0.725238603430614,1,0.8846846846846846,1,0.8478982539768111,1,0.8152455832261145,1,0.0,0,0.48320180478603564,0,0.7282613317259735,0
266,293,0.7726883041586329,1,0.8846846846846846,1,0.8576009217115778,1,0.8150655149427952,1,0.0,0,0.48320180478603564,0,0.7823265112263327,0
267,293,0.8227950020266767,1,0.8846846846846846,1,0.8715782375422658,1,0.8161716769824597,1,1.0,1,0.8486426706189774,1,0.8574755299405538,0
268,293,0.7212639461403701,1,0.8846846846846846,1,0.8880975434172615,1,0.8148919837918737,1,1.0,1,0.8486426706189774,1,0.8689793683528816,0
269,293,0.5572475905699387,1,0.8846846846846846,1,0.9001300034891548,1,0.7893787446130563,1,1.0,1,0.8486426706189774,1,0.8102054672165824,0
270,293,0.4124025242126409,1,0.8846846846846846,1,0.9130929328964962,1,0.7811433444563631,1,1.0,1,0.8486426706189774,1,0.7859893040393171,0
271,293,0.2812282073312661,0,0.8846846846846846,1,0.9264392155820181,1,0.749565825456584,1,1.0,1,0.8486426706189774,1,0.696130814764606,0
272,293,0.18605022820507422,0,0.8846846846846846,1,0.9290271117186885,1,0.5504136717190777,0,1.0,1,0.8486426706189774,1,0.5930663007955519,0
273,293,0.1452966448316909,0,0.8846846846846846,1,0.9403797189850104,1,0.5012619636951439,0,0.0,0,0.7965889994084738,1,0.5041417190570643,0
274,293,0.1753915105524935,0,0.8846846846846846,1,0.9573473026914349,1,0.4483163417414724,0,0.0,0,0.2278113320656965,0,0.45679877307006556,0
275,293,0.174061404285983,0,0.8846846846846846,1,0.9759470036622445,1,0.4687282405110058,0,0.0,0,0.2278113320656965,0,0.457059941884251,0
276,293,0.1568018680852815,0,0.8846846846846846,1,0.987900931121221,1,0.4682884697860674,0,0.0,0,0.050976094985157754,0,0.40457771619359595,0
277,293,0.16284141184510625,0,0.8846846846846846,1,0.997342895860757,1,0.48480166241257827,0,0.0,0,0.11802664392168272,0,0.42052180390877564,0
278,293,0.13327412511538958,0,0.8846846846846846,1,1.0,1,0.49185701112402036,0,0.0,0,0.11802664392168272,0,0.39591125377279834,0
279,293,0.08301873068144203,0,0.8846846846846846,1,0.9996990220274322,1,0.5121680795786918,0,0.0,0,0.11802664392168272,0,0.4004119649154705,0
280,293,0.12806289760420364,0,0.8846846846846846,1,0.9954183411467135,1,0.5463293506349438,0,0.0,0,0.11802664392168272,0,0.4125161188046252,0
281,293,0.31596692998669007,0,0.8846846846846846,1,0.9875468411422041,1,0.6196601285437944,1,0.0,0,0.6406706244577344,1,0.4174332881038618,0
282,293,0.40824592658677905,1,0.8846846846846846,1,0.9757329980296693,1,0.626210335206321,1,0.0,0,0.6406706244577344,1,0.4738390613349892,0
283,293,0.492531115349797,1,0.8846846846846846,1,0.9558810980463788,1,0.608989547521486,1,0.0,0,0.6406706244577344,1,0.49268587489468785,0
284,293,0.5997876992478274,1,0.8846846846846846,1,0.9426675533892113,1,0.6056583833275391,1,0.0,0,0.6406706244577344,1,0.5706580081059687,0
285,293,0.673944657539194,1,0.8846846846846846,1,0.926922129755386,1,0.5805821415447641,1,0.0,0,0.6406706244577344,1,0.5836950345501468,0
286,293,0.6263958413712091,1,0.8846846846846846,1,0.9194463570078878,1,0.4890632784511356,0,0.0,0,0.6406706244577344,1,0.5468122982416005,0
287,293,0.4427644489482522,1,0.8846846846846846,1,0.9095662957161076,1,0.44328512693427324,0,0.0,0,0.47886067286993395,0,0.4933931055311526,0
288,293,0.41749846306189337,1,0.8846846846846846,1,0.9120940432952495,1,0.40514294034272413,0,0.0,0,0.47886067286993395,0,0.4570863691422575,0
289,293,0.3797038806407995,1,0.7783783783783783,1,0.913307923001749,1,0.326354845451295,0,0.0,0,0.47886067286993395,0,0.42959371727028745,0
290,293,0.27255472129657365,0,0.7783783783783783,1,0.9123122144691211,1,0.23241308337716193,0,0.0,0,0.2272571497855301,0,0.35405698220900184,0
291,293,0.1423661198561894,0,0.0,0,0.9322998321886234,1,0.12638832349296825,0,0.0,0,0.022584564028076556,0,0.27635854216792705,0
292,293,0.03406517250961631,0,0.0,0,0.9094644713732907,1,0.0,0,0.0,0,0.022584564028076556,0,0.24094237893036247,0
