,aa,APPNN_score,APPNN_bin,PATH_score,PATH_bin,aggreprot_score,aggreprot_bin,ArchCandy_score,ArchCandy_bin,crossbeta_score,crossbeta_bin,pasta_score,pasta_bin,waltz_score,waltz_bin
0,293,0.13823411139451447,0,0.08092734608773507,0,0.0,0,0.0,0,0.7882851368247914,1,0.16693338895035648,0,,0
1,293,0.13823411139451447,0,0.04909454522250563,0,0.001002125246219802,0,0.0,0,0.7909216999155901,1,0.1909888051303107,0,,0
2,293,0.13823411139451447,0,0.015643986126511796,0,0.0027968037571581734,0,0.0,0,0.8650578483661049,1,0.2006506188956112,0,,0
3,293,0.14358651782968576,0,0.028915650482597345,0,0.0048498169144351325,0,0.0,0,0.9172054492484302,1,0.2227041873754516,0,,0
4,293,0.18584179412958055,0,0.02573438524313897,0,0.014353156211690867,0,0.0,0,0.9621610919219657,1,0.24120584885590723,0,,0
5,293,0.3612057485693303,0,0.023773013229169707,0,0.01480341497222999,0,0.0,0,0.9842337883008192,1,0.2402898737597482,0,,0
6,293,0.3612057485693303,0,0.012341998840446178,0,0.017002311627914574,0,0.0,0,1.0,1,0.24659965193218836,0,,0
7,293,0.40400825759489584,0,0.004307593885187665,0,0.01874002940709994,0,0.0,0,0.9958505839257967,1,0.23535412635404362,0,,0
8,293,0.43856034940372357,0,0.011274269820101789,0,0.018402749805634503,0,0.0,0,0.9843151399802489,1,0.1960282349766187,0,,0
9,293,0.43856034940372357,0,0.011331868791550391,0,0.017739719619277585,0,0.0,0,0.974629421838672,1,0.15592547464213624,0,,0
10,293,0.43856034940372357,0,0.0039038716025525545,0,0.010730873780702645,0,0.0,0,0.9669493224956376,1,0.04653780215461101,0,,0
11,293,0.43856034940372357,0,0.0,0,0.0086155028465889,0,0.0,0,0.9606837582348166,1,0.025165990001361327,0,,0
12,293,0.43856034940372357,0,0.00945582960402524,0,0.0075883854022584536,0,0.0,0,0.9553821269371987,1,0.01742615712056128,0,,0
13,293,0.43856034940372357,0,0.036568174496967094,0,0.00824598367925864,0,0.0,0,0.9510108239285786,1,0.0,0,,0
14,293,0.43856034940372357,0,0.05813928454194524,0,0.010736753281445943,0,0.0,0,0.9472223613211079,1,0.028759274605491658,0,,0
15,293,0.43856034940372357,0,0.0840351324506107,0,0.011573182469517114,0,0.0,0,0.9433962861444161,1,0.06928790954291553,0,,0
16,293,0.43856034940372357,0,0.13423798197184086,0,0.010309744361007367,0,0.0,0,0.9400203374590996,1,0.09560356205452658,0,,0
17,293,0.43856034940372357,0,0.1700263567813036,0,0.01001273956420858,0,0.0,0,0.9369148686637866,1,0.17774347552696568,0,,0
18,293,0.36935124287204774,0,0.1833852235431077,0,0.009167701499947072,0,0.0,0,0.9340513322521654,1,0.2350087452936892,0,,0
19,293,0.363987348242616,0,0.19713011533382957,0,0.010077567955683485,0,0.0,0,0.9271078703282049,1,0.24184674530873074,0,,0
20,293,0.3284554091383534,0,0.22201730720941787,0,0.007870139985059258,0,0.0,0,0.9207103888993484,1,0.25593815632619854,0,,0
21,293,0.1100771667937852,0,0.21877839688594827,0,0.006778262844438925,0,0.0,0,0.9143924591916734,1,0.28968835756005495,0,,0
22,293,0.1100771667937852,0,0.20306885444407374,0,0.00718624574627457,0,0.0,0,0.9058347023024081,1,0.3003857695264419,0,,0
23,293,0.1100771667937852,0,0.22640019014418847,0,0.009674424853528298,0,0.0,0,0.8957907139361654,1,0.32250800548337055,0,,0
24,293,0.1100771667937852,0,0.27354770492615665,0,0.011240433044003179,0,0.0,0,0.8884787022142057,1,0.3496717149615206,0,,0
25,293,0.1100771667937852,0,0.2733814404360011,0,0.010968727354293132,0,0.0,0,0.882655926440906,1,0.35031029524944224,0,,0
26,293,0.2764961793793108,0,0.26937555564670046,0,0.016046621578213707,0,0.0,0,0.877264467391554,1,0.3416848971551937,0,,0
27,293,0.6050765978163638,1,0.30256236429218725,0,0.03214487923014469,0,0.0,0,0.8674726160316885,1,0.3511179555751942,0,,0
28,293,0.6050765978163638,1,0.34599651221420963,0,0.048133740062655334,0,0.0,0,0.8552376807760258,1,0.38623305916117334,0,,0
29,293,0.6050765978163638,1,0.3302128157866882,0,0.05620983680935031,0,0.0,0,0.8404753713332598,1,0.3880293131650051,0,,0
30,293,0.6050765978163638,1,0.30456213489030864,0,0.05846146696005082,0,0.0,0,0.8153145650446829,1,0.40562290175896654,0,,0
31,293,0.6050765978163638,1,0.30573203496022755,0,0.05604459531189579,0,0.0,0,0.7850097394347483,1,0.41289238967071107,0,,0
32,293,0.6050765978163638,1,0.3095827517320296,0,0.05009785810926094,0,0.0,0,0.7518789645544253,1,0.4243871073432891,0,,0
33,293,0.10882047471494312,0,0.2647577031472805,0,0.03346693122406088,0,0.0,0,0.7126731872996398,1,0.4055066847788945,0,,0
34,293,0.10882047471494312,0,0.21451058707669649,0,0.01672836295382312,0,0.0,0,0.6720305136423985,1,0.3763108812119135,0,,0
35,293,0.10882047471494312,0,0.19528215627983028,0,0.006117673393835342,0,0.0,0,0.6299869918968026,1,0.3609958539013318,0,,0
36,293,0.0804731867611428,0,0.17133431185852688,0,0.0020870376560438234,0,0.0,0,0.592368665768064,1,0.3014161904177479,0,,0
37,293,0.0804731867611428,0,0.15716229103333668,0,0.0015200527587828,0,0.0,0,0.557562969587776,1,0.29052749047947235,0,,0
38,293,0.0,0,0.13485589899561407,0,0.0014922173280365644,0,0.0,0,0.5239447472837097,1,0.2740064224800317,0,,0
39,293,0.0,0,0.13485589899561407,0,0.0014922173280365644,0,0.0,0,0.49052134491246063,1,0.27783626926763083,0,,0
40,293,0.0,0,0.13485589899561407,0,0.0014922173280365644,0,0.0,0,0.4572061758372219,0,0.2700419656381404,0,,0
41,293,0.0,0,0.13485589899561407,0,0.0014922173280365644,0,0.0,0,0.4247213107613725,0,0.27581153240848777,0,,0
42,293,0.0,0,0.13485589899561407,0,0.0014922173280365644,0,0.0,0,0.3899408174771552,0,0.2695092477107299,0,,0
43,293,0.0,0,0.13485589899561407,0,0.0014922173280365644,0,0.0,0,0.3536690239929173,0,0.2752090570440352,0,,0
44,293,0.04329926085084448,0,0.13648004028514313,0,0.0018929113230601602,0,0.0,0,0.3184956438441844,0,0.2687495456229443,0,,0
45,293,0.07243315017526818,0,0.1389049621004532,0,0.0018403221118610826,0,0.0,0,0.2838603377956149,0,0.2724521395859395,0,,0
46,293,0.07243315017526818,0,0.14009232999426385,0,0.002180827804326071,0,0.0,0,0.2505460964343417,0,0.26460034056888715,0,,0
47,293,0.07243315017526818,0,0.12729251366139335,0,0.002616290880609161,0,0.0,0,0.21866053458039827,0,0.2767167441501033,0,,0
48,293,0.07243315017526818,0,0.11299744367248814,0,0.0025370647057976897,0,0.0,0,0.18761104180548865,0,0.2677072714171409,0,,0
49,293,0.09108650221211757,0,0.10154602041498778,0,0.0028429209475734235,0,0.0,0,0.15680461008961832,0,0.26893701873499465,0,,0
50,293,0.1268433213347494,0,0.09471823525396925,0,0.0029479822880404158,0,0.0,0,0.12641614296657702,0,0.27114990993115917,0,,0
51,293,0.17701157480020022,0,0.08023176414107246,0,0.0028101280637557683,0,0.0,0,0.10014754652172644,0,0.25303654668423825,0,,0
52,293,0.18904107828416547,0,0.09753718306210286,0,0.002420954033567961,0,0.0,0,0.07831353327553102,0,0.2635338147541122,0,,0
53,293,0.22118991492969378,0,0.13919538003878554,0,0.004832554416395405,0,0.0,0,0.05862658147260884,0,0.2920407636303034,0,,0
54,293,0.22118991492969378,0,0.19970012045118732,0,0.008214177053069866,0,0.0,0,0.03973779500668945,0,0.30977754571319294,0,,0
55,293,0.22118991492969378,0,0.26674823744822856,0,0.01610380346681967,0,0.0,0,0.021229702593163913,0,0.3321259483605312,0,,0
56,293,0.22118991492969378,0,0.3342795704803106,0,0.01956599288601571,0,0.0,0,0.008332888101769336,0,0.35917889065837827,0,,0
57,293,0.22118991492969378,0,0.43264727855932017,0,0.06018928997602836,0,0.0,0,0.0011357554445060002,0,0.41133551812172875,0,,0
58,293,0.22118991492969378,0,0.5136303356848432,0,0.07974870046948566,0,0.0,0,0.0,0,0.4405134735944666,0,,0
59,293,0.16413277938164472,0,0.5755996144813028,0,0.09839452411804597,0,0.0,0,0.010563396381354066,0,0.47693434920507594,0,,0
60,293,0.16413277938164472,0,0.5980588923234591,0,0.11393400049440201,0,0.0,0,0.016518108576472203,0,0.4868247820706819,0,,0
61,293,0.1414423912264984,0,0.5945555307971505,0,0.12577577159547423,0,0.0,0,0.022408013324550728,0,0.48453927229259675,0,,0
62,293,0.1414423912264984,0,0.5710159137916362,0,0.14237525097240825,0,0.0,0,0.03151370600450289,0,0.5341917167621344,0,,0
63,293,0.1414423912264984,0,0.5259866407495334,0,0.11724174606885182,0,0.0,0,0.04418690065150397,0,0.5360363377389151,0,,0
64,293,0.13407963468807085,0,0.48084583950875803,0,0.11606829188326917,0,0.0,0,0.059525417522243995,0,0.5360648129427077,0,,0
65,293,0.13407963468807085,0,0.4506795221043426,0,0.09678264319727883,0,0.0,0,0.07675090459941737,0,0.5465502276980843,0,,0
66,293,0.13407963468807085,0,0.4375413196270998,0,0.07815000261487641,0,0.0,0,0.09261877064135643,0,0.5323763884591116,0,,0
67,293,0.12602175692007203,0,0.4539443092796864,0,0.05992776103065057,0,0.0,0,0.11206019087955027,0,0.5460104250309739,0,,0
68,293,0.1319295264631092,0,0.46302589729511046,0,0.043383495349728116,0,0.0,0,0.13389325772157185,0,0.5567316798713497,0,,0
69,293,0.1319295264631092,0,0.46913733210621344,0,0.04399616628741083,0,0.0,0,0.1555624284296361,0,0.5708722753317321,0,,0
70,293,0.14608772700538575,0,0.4500999451648364,0,0.049788961666910436,0,0.0,0,0.177232438497955,0,0.5546494476246449,0,,0
71,293,0.14608772700538575,0,0.42439444054815945,0,0.0527600426434388,0,0.0,0,0.20335501174512255,0,0.5476411413668251,0,,0
72,293,0.15623489960209339,0,0.43158213898029274,0,0.0908786378555979,0,0.0,0,0.23104681316543782,0,0.58584614517678,0,,0
73,293,0.15623489960209339,0,0.41205331184157096,0,0.1157296895582493,0,0.0,0,0.25790599130144914,0,0.6023924185001519,0,,0
74,293,0.15623489960209339,0,0.39495113054639686,0,0.11648255442077707,0,0.0,0,0.2850504414819438,0,0.6199088924273835,0,,0
75,293,0.15623489960209339,0,0.3786334283630161,0,0.17191956941666175,0,0.0,0,0.3068535785043544,0,0.622692105169364,0,,0
76,293,0.2911177636184966,0,0.39184565132229543,0,0.21651950787602775,0,0.0,0,0.3266608051946335,0,0.6269993544167194,0,,0
77,293,0.4661442319225656,0,0.43896518718422467,0,0.2699209662484686,0,0.0,0,0.34918590247828535,0,0.6400469925334473,0,,0
78,293,0.570614540238438,1,0.495114151937388,0,0.3199582142833122,0,0.0,0,0.3718761328478494,0,0.6471093880539734,0,,0
79,293,0.827867579937881,1,0.599247089752434,0,0.5091604564575589,1,0.0,0,0.39701221482295707,0,0.6651296959698403,0,,0
80,293,0.9636609001740766,1,0.7555857228018203,0,0.7432271948019469,1,0.0,0,0.420713694193877,0,0.715530397947649,1,,0
81,293,0.9636609001740766,1,0.8852296546272964,0,0.735744599050661,1,0.0,0,0.44043702563731474,0,0.7164729408176814,1,,0
82,293,0.9636609001740766,1,0.9646864114261706,0,0.7155265577378705,1,0.0,0,0.4510588204234389,0,0.7136398624078153,1,,0
83,293,0.9636609001740766,1,1.0,0,0.6646916361033571,1,0.0,0,0.4569418522722656,0,0.7050554740568277,1,,0
84,293,0.9636609001740766,1,0.9454149497908801,0,0.578196367327896,1,0.0,0,0.4617456214524522,0,0.6656173168041633,0,,0
85,293,0.9636609001740766,1,0.8576925254160559,0,0.36328301475661046,0,0.0,0,0.4635824582906866,0,0.6444789059505165,0,,0
86,293,0.11647392612264156,0,0.6945574146520587,0,0.12708359184337814,0,0.0,0,0.46199699908772685,0,0.5322397347299064,0,,0
87,293,0.12138529051363274,0,0.584928799199192,0,0.07442733392130564,0,0.0,0,0.4592389094319978,0,0.5437700123459763,0,,0
88,293,0.12138529051363274,0,0.4918314273151265,0,0.09924811287425764,0,0.0,0,0.4542209085555849,0,0.5238151617571418,0,,0
89,293,0.16636365479705256,0,0.40748757711232275,0,0.11303181829303013,0,0.0,0,0.45382550757489426,0,0.526580935139862,0,,0
90,293,0.6027053551178243,1,0.4198314995755135,0,0.1937121405451073,0,0.0,0,0.46029121402411516,0,0.5680435567616811,0,,0
91,293,0.8626945283505311,1,0.458439831684343,0,0.42271318022775667,1,0.0,0,0.4673432356997202,1,0.6144630437633091,0,,0
92,293,1.0,1,0.5804471713669109,0,0.6762547649302356,1,0.0,0,0.4741352324037687,1,0.7421145212203758,1,,0
93,293,1.0,1,0.6642071202084483,0,0.8746735580021524,1,0.0,0,0.47145010082492195,1,0.7457146589477156,1,,0
94,293,1.0,1,0.7398216980463352,0,0.91589000504671,1,0.0,0,0.4641193311202015,0,0.7443714195496742,1,,0
95,293,1.0,1,0.8138056895993178,0,1.0,1,0.0,0,0.45965974778591523,0,0.7446529017077383,1,,0
96,293,1.0,1,0.817771023469454,0,0.9550584425844026,1,0.0,0,0.44655108714849207,0,0.7380950214008186,1,,0
97,293,1.0,1,0.765032461319813,0,0.7307824020004337,1,0.0,0,0.42783068473195496,0,0.7099172404306693,1,,0
98,293,0.6127710403694991,1,0.6447085355085481,0,0.4754083260558741,1,0.0,0,0.4066569427328642,0,0.5987962318776446,0,,0
99,293,0.6127710403694991,1,0.5509791971868052,0,0.2652598614108404,0,0.0,0,0.38340428209013033,0,0.5500841503582317,0,,0
100,293,0.6127710403694991,1,0.4787664380668292,0,0.15314825654925346,0,0.0,0,0.35733322641930143,0,0.5124077771258606,0,,0
101,293,0.5618930589267845,1,0.4416183476784737,0,0.05373915600525425,0,0.0,0,0.3376676822674657,0,0.5046964466978519,0,,0
102,293,0.14388606843495866,0,0.39623133745522465,0,0.031985891324142354,0,0.0,0,0.3240837670184207,0,0.4630264601948261,0,,0
103,293,0.14388606843495866,0,0.420094798153121,0,0.04608447637803172,0,0.0,0,0.3086383936970008,0,0.4806910324307775,0,,0
104,293,0.14388606843495866,0,0.48684808781606015,0,0.18292445434103705,0,0.0,0,0.30309709587859424,0,0.5421775808535019,0,,0
105,293,0.14388606843495866,0,0.5391925203045859,0,0.31624755848373287,0,0.0,0,0.29855534359305197,0,0.6498045865296863,0,,0
106,293,0.14388606843495866,0,0.6046997643100067,0,0.3503237592678586,0,0.0,0,0.29215683807024756,0,0.6543606191364923,0,,0
107,293,0.14388606843495866,0,0.6107511934968805,0,0.37789037638050216,0,0.0,0,0.2917746238809284,0,0.653782804115994,0,,0
108,293,0.1242517286566008,0,0.6599294496374687,0,0.38482011783033976,0,0.0,0,0.2892480651249496,0,0.6540761395885554,0,,0
109,293,0.1242517286566008,0,0.6444361777573693,0,0.36613784816304784,0,0.0,0,0.28526128458680455,0,0.6237553611042778,0,,0
110,293,0.1242517286566008,0,0.5972726429198004,0,0.23231806983310016,0,0.0,0,0.28539623015478194,0,0.5095170670834384,0,,0
111,293,0.12449118589458805,0,0.5417815352408615,0,0.10097918495499154,0,0.0,0,0.2922750598665634,0,0.5179891895591864,0,,0
112,293,0.12698755143992482,0,0.469838201513411,0,0.06583176274887952,0,0.0,0,0.30226822536152986,0,0.48705176623105695,0,,0
113,293,0.12698755143992482,0,0.4090379054452298,0,0.03681339290251492,0,0.0,0,0.3119648792005046,0,0.478656894667033,0,,0
114,293,0.12698755143992482,0,0.3406858439553838,0,0.014313585117886288,0,0.0,0,0.32532182452694675,0,0.47732305617359316,0,,0
115,293,0.12698755143992482,0,0.29800385367556687,0,0.013977167078886547,0,0.0,0,0.3394344183651787,0,0.4733083249288338,0,,0
116,293,0.12698755143992482,0,0.2693784738430189,0,0.011486740151151276,0,0.0,0,0.35439355119720206,0,0.4594989410494069,0,,0
117,293,0.12698755143992482,0,0.2530862610300292,0,0.010869874759282888,0,0.0,0,0.36852841017061344,0,0.4454929556433166,0,,0
118,293,0.12086041441195043,0,0.2616107326249763,0,0.011843730470573383,0,0.0,0,0.3794403908268416,0,0.44250592038997894,0,,0
119,293,0.1362956059905228,0,0.29163833109182663,0,0.00856668770939907,0,0.0,0,0.38481975045218175,0,0.47031284248585425,0,,0
120,293,0.1362956059905228,0,0.31276539528768876,0,0.010136400504792474,0,0.0,0,0.39235846741224717,0,0.49704397410734735,0,,0
121,293,0.1362956059905228,0,0.3799217629414396,0,0.021526872169117427,0,0.0,0,0.4010020917055781,0,0.5124903415923596,0,,0
122,293,0.1362956059905228,0,0.4446872822247137,0,0.024494770933259302,0,0.0,0,0.42183733534573076,0,0.516257924417599,0,,0
123,293,0.1362956059905228,0,0.4955488693397381,0,0.027189297600952216,0,0.0,0,0.4439172177131401,0,0.5189127943750218,0,,0
124,293,0.1362956059905228,0,0.5301778344040045,0,0.06123899319579903,0,0.0,0,0.46385579352226214,0,0.4972186401899408,0,,0
125,293,0.129340511787898,0,0.556440750395387,0,0.07067999560725502,0,0.0,0,0.48784012993622977,1,0.4694192115687478,0,,0
126,293,0.1922446363187616,0,0.5807121803769147,0,0.07189693304398943,0,0.0,0,0.5159694923493847,1,0.4561922750396228,0,,0
127,293,0.1922446363187616,0,0.5501950317235226,0,0.06628120710499677,0,0.0,0,0.5541400586232879,1,0.3692116995429471,0,,0
128,293,0.1922446363187616,0,0.5269492463455501,0,0.06772811631028255,0,0.0,0,0.5974904495599426,1,0.38777998482557763,0,,0
129,293,0.19385092514335275,0,0.4927556533611693,0,0.06620757976582921,0,1.0,1,0.6414188062972891,1,0.4160551809665961,0,,0
130,293,0.19385092514335275,0,0.4642875713724606,0,0.04420617144077967,0,1.0,1,0.6754914832768394,1,0.3986933451078073,0,,0
131,293,0.19385092514335275,0,0.4487442520667237,0,0.0769975242291144,0,1.0,1,0.7067160783813885,1,0.4005664412883806,0,,0
132,293,0.5166419706531757,0,0.44491546104418406,0,0.16023812971503007,0,1.0,1,0.7387366520685933,1,0.42892324818093874,0,,0
133,293,0.5166419706531757,0,0.45371092570771704,0,0.28562316891735107,0,1.0,1,0.762187202935603,1,0.42162583004537835,0,,0
134,293,0.5166419706531757,0,0.4553498011128357,0,0.43653946114266334,1,1.0,1,0.7848588716630411,1,0.4475930359842649,0,,0
135,293,0.8082577359326488,1,0.49811476926827986,0,0.6509361477708774,1,1.0,1,0.7984908700210943,1,0.5290409747555465,0,,0
136,293,0.8082577359326488,1,0.5261565428826213,0,0.8242087280382552,1,1.0,1,0.8034213752369417,1,0.5662569761524392,0,,0
137,293,0.8082577359326488,1,0.5160291733116955,0,0.9026226409234135,1,1.0,1,0.8050779778674872,1,0.5693798476650169,0,,0
138,293,0.8082577359326488,1,0.5338764905634211,0,0.9119712523679481,1,1.0,1,0.8053606361146851,1,0.5804797273443376,0,,0
139,293,0.8082577359326488,1,0.49580811106929973,0,0.8200851528221459,1,1.0,1,0.8017159243315961,1,0.579700950957361,0,,0
140,293,0.8082577359326488,1,0.47854034299890363,0,0.6782674403948935,1,1.0,1,0.7988927032652208,1,0.5976746630852036,0,,0
141,293,0.13450067294238446,0,0.4190681346167761,0,0.4939787987165605,1,1.0,1,0.796983280455157,1,0.585345036088029,0,,0
142,293,0.13450067294238446,0,0.3792982787982244,0,0.330335536184757,0,1.0,1,0.7981833968412348,1,0.5884506044863406,0,,0
143,293,0.13450067294238446,0,0.3677376367467995,0,0.27602318952173405,0,1.0,1,0.7986884311844331,1,0.5865982175448892,0,,0
144,293,0.13450067294238446,0,0.33403825033585144,0,0.24149762752862663,0,1.0,1,0.7971081265143202,1,0.5896649561198473,0,,0
145,293,0.44154221174947145,0,0.3738578633465904,0,0.30204858217443853,0,1.0,1,0.7976819074075069,1,0.6378421397919419,0,,0
146,293,0.44154221174947145,0,0.4107668905001796,0,0.3991964750499535,1,1.0,1,0.8018658871985984,1,0.9322950937959589,1,,0
147,293,0.44154221174947145,0,0.43754892612277013,0,0.39375964213232845,0,0.900383141762452,1,0.8038831910225676,1,0.9334939135001241,1,,0
148,293,0.44154221174947145,0,0.45578748731824753,0,0.3896885274827617,0,0.900383141762452,1,0.8060795436419361,1,0.9367047992789697,1,,0
149,293,0.44154221174947145,0,0.47542579610383007,0,0.3352349326580646,0,0.900383141762452,1,0.8072622656743401,1,0.9393311940326,1,,0
150,293,0.44154221174947145,0,0.5047034084864963,0,0.3183912627807462,0,0.900383141762452,1,0.804953867522879,1,0.9460136022642391,1,,0
151,293,0.1547034096363386,0,0.5432106679764477,0,0.3054797680398234,0,0.900383141762452,1,0.8008243668565558,1,0.9458242217222697,1,,0
152,293,0.8440540591154124,1,0.5839645662564772,0,0.4432516022841413,1,0.900383141762452,1,0.7966679624852244,1,0.9473884505009401,1,,0
153,293,0.8440540591154124,1,0.6552786442171542,0,0.649458973717312,1,0.900383141762452,1,0.7932343900184758,1,0.9660754051735385,1,,0
154,293,0.8440540591154124,1,0.7233851836921856,0,0.8119620952622147,1,0.900383141762452,1,0.7888499107367833,1,0.9994720506473872,1,,0
155,293,0.8440540591154124,1,0.7694809007587774,0,0.8597693814893859,1,0.900383141762452,1,0.7811627697368497,1,1.0,1,,0
156,293,0.8440540591154124,1,0.7758055449901705,0,0.8285700305043563,1,0.900383141762452,1,0.7605095415378551,1,0.999862937535812,1,,0
157,293,0.8440540591154124,1,0.7687791919971971,0,0.8249020068872542,1,0.900383141762452,1,0.7350648032360789,1,0.999121356032258,1,,0
158,293,0.3932638423375374,0,0.7387800196025068,0,0.6267370762637943,1,0.900383141762452,1,0.710249055003113,1,0.998571334990581,1,,0
159,293,0.3932638423375374,0,0.7454374787045456,0,0.627119492257041,1,0.8084291187739463,1,0.6870422278479753,1,0.9987917793912334,1,,0
160,293,0.18219251661712074,0,0.721350020852603,0,0.5201955388489254,1,0.0,0,0.6613006873424268,1,0.9986400024676694,1,,0
161,293,0.18219251661712074,0,0.6996480774581437,0,0.49763942807218653,1,0.0,0,0.6418625656427785,1,0.9986774698410806,1,,0
162,293,0.18219251661712074,0,0.664035742926555,0,0.48724746524487816,1,0.0,0,0.6223516183968144,1,0.9974305556539548,1,,0
163,293,0.18219251661712074,0,0.5989777013708102,0,0.40343557553734105,1,0.0,0,0.6049878243460544,1,0.7115791568701975,1,,0
164,293,0.18219251661712074,0,0.5785946069104264,0,0.35602240977454574,0,0.0,0,0.6039498336214939,1,0.7108724540851645,1,,0
165,293,0.15316195622820347,0,0.5178067767182739,0,0.12631742344774738,0,0.0,0,0.605272344817624,1,0.6015818970295213,0,,0
166,293,0.15316195622820347,0,0.49748728379337176,0,0.05565893513434588,0,0.0,0,0.6097351677879812,1,0.5624861234473384,0,,0
167,293,0.15316195622820347,0,0.48428208667403133,0,0.020341866684420958,0,0.0,0,0.62212584691301,1,0.5378094300937288,0,,0
168,293,0.15316195622820347,0,0.5189357251693661,0,0.028865421020190487,0,0.0,0,0.6342002826196202,1,0.5318078380982204,0,,0
169,293,0.15316195622820347,0,0.5407895356243004,0,0.0396009885793327,0,0.0,0,0.6357341647773972,1,0.5164503023494413,0,,0
170,293,0.1372531779990932,0,0.4837478227860143,0,0.0417472145508267,0,0.0,0,0.6317175342778033,1,0.4629285000439799,0,,0
171,293,0.13962557631341377,0,0.4433763951664997,0,0.04647880713701209,0,0.0,0,0.6208263444957937,1,0.42522310662783946,0,,0
172,293,0.14518699200437452,0,0.3886578398362079,0,0.09305323434942786,0,0.0,0,0.6073677329328251,1,0.4179549811660369,0,,0
173,293,0.14518699200437452,0,0.3510560615034599,0,0.11764284709686278,0,0.0,0,0.5979157560063355,1,0.41198540674417083,0,,0
174,293,0.14518699200437452,0,0.3101242765547451,0,0.16252261020602202,0,0.0,0,0.582353987431665,1,0.3723945188529828,0,,0
175,293,0.14518699200437452,0,0.3010024973434641,0,0.194510499188137,0,0.0,0,0.5677199328227931,1,0.3684765215541216,0,,0
176,293,0.14518699200437452,0,0.3632570099083505,0,0.229156156076145,0,0.0,0,0.5574512362799848,1,0.36706066357415956,0,,0
177,293,0.14518699200437452,0,0.4063184512500461,0,0.27201514647279595,0,0.0,0,0.5462316329222331,1,0.4347249687699224,0,,0
178,293,0.13596364369567357,0,0.4490864945204795,0,0.25519976229911867,0,0.0,0,0.533090733941313,1,0.48530537789511075,0,,0
179,293,0.1350978472162764,0,0.4994522892582221,0,0.2758287252604005,0,0.0,0,0.5227276756351266,1,0.503732785853715,0,,0
180,293,0.13262846027742875,0,0.49792832609449766,0,0.24863502268936075,0,0.0,0,0.5097150662426198,1,0.5051207136098612,0,,0
181,293,0.13262846027742875,0,0.5006584481156683,0,0.28305522849514947,0,0.0,0,0.4980856783731184,1,0.5497859100658782,0,,0
182,293,0.13262846027742875,0,0.45816415919146813,0,0.2775738008579645,0,0.0,0,0.4854608534183156,1,0.5563025081395485,0,,0
183,293,0.13262846027742875,0,0.4337203749157686,0,0.25389136289652997,0,0.0,0,0.4727577631398528,1,0.5960879538824864,0,,0
184,293,0.13262846027742875,0,0.3888485611681232,0,0.23428365452003938,0,0.0,0,0.4619388599259257,0,0.5958485714276373,0,,0
185,293,0.13262846027742875,0,0.34563664029711283,0,0.1999376619925234,0,0.0,0,0.4577589429123849,0,0.5836719475589748,0,,0
186,293,0.11834023680096217,0,0.37761056410905264,0,0.20371053700119107,0,0.0,0,0.4560720583860765,0,0.5964889229004837,0,,0
187,293,0.9669380299382838,1,0.43833842568787756,0,0.36895791257700783,0,0.0,0,0.4551700861401174,0,0.6522123080675892,0,,0
188,293,0.9669380299382838,1,0.5055550525660686,0,0.4913723970995737,1,0.0,0,0.4560778187802969,0,0.6738659974893862,1,,0
189,293,0.9669380299382838,1,0.5872356645459245,0,0.6291280712377416,1,0.0,0,0.4555936491453635,0,0.778617961297484,1,,0
190,293,0.9669380299382838,1,0.7276422376801428,0,0.8291177754093166,1,0.0,0,0.4509796945263954,0,0.8675536524612549,1,,0
191,293,0.9669380299382838,1,0.8041390846082976,0,0.9315084553902342,1,0.0,0,0.4479001788068574,0,0.8706466863200979,1,,0
192,293,0.9669380299382838,1,0.8491047283567423,0,0.9429669752603496,1,0.0,0,0.43989421138115037,0,0.8716207017837957,1,,0
193,293,0.7123548201118926,1,0.8184839163213373,0,0.7015054094049367,1,0.0,0,0.42556116844341574,0,0.8695830216502015,1,,0
194,293,0.7123548201118926,1,0.7917400801038205,0,0.5438298745775688,1,0.0,0,0.41477709528184237,0,0.8681088508127123,1,,0
195,293,0.7123548201118926,1,0.703544775554812,0,0.3779207346804764,0,0.0,0,0.40212275076521986,0,0.8654079300472421,1,,0
196,293,0.05485435270048002,0,0.5608882628623233,0,0.16435745217389366,0,0.0,0,0.3829460367521099,0,0.4962570230207173,0,,0
197,293,0.08194239818309822,0,0.4599935669085386,0,0.04919593563624519,0,0.0,0,0.36549615524241447,0,0.41557423613699007,0,,0
198,293,0.09367536414443678,0,0.37267706488787167,0,0.012618751786223589,0,0.0,0,0.35602216202310344,0,0.2740091473799161,0,,0
199,293,0.1144770808254658,0,0.3519592285351374,0,0.04215331143322075,0,0.0,0,0.35269427382720564,0,0.36786341908011955,0,,0
200,293,0.9596412545643501,1,0.34387157641070476,0,0.1888679902430834,0,0.0,0,0.35541044211848366,0,0.444132276886015,0,,0
201,293,0.9596412545643501,1,0.3835959947380513,0,0.32418537503075756,0,0.0,0,0.3570804537633708,0,0.5519261826801222,0,,0
202,293,0.9596412545643501,1,0.43218880525637343,0,0.39740053838845235,1,0.0,0,0.357280966486433,0,0.5714404169576406,0,,0
203,293,0.9596412545643501,1,0.5061312409309058,0,0.4842264728117345,1,0.0,0,0.3611635096744656,0,0.6015154094723406,0,,0
204,293,0.9596412545643501,1,0.5393437511929761,0,0.5002502532940628,1,0.0,0,0.3576252688500776,0,0.6009648434506868,0,,0
205,293,0.9596412545643501,1,0.5231949089836643,0,0.4749700376233077,1,0.0,0,0.3548633981086131,0,0.5740638143213981,0,,0
206,293,0.8733085060721731,1,0.4797248714389783,0,0.3282483572060283,0,0.0,0,0.3537472919424746,0,0.5513636270989768,0,,0
207,293,0.1283384121532804,0,0.4250658836446892,0,0.19894452502975113,0,0.0,0,0.3555908583883654,0,0.4434817070386017,0,,0
208,293,0.1283384121532804,0,0.38221610746228357,0,0.15043928395081502,0,0.0,0,0.361826090217779,0,0.4408588546548211,0,,0
209,293,0.1283384121532804,0,0.33644754410899147,0,0.10247045976161612,0,0.0,0,0.37425222240209716,0,0.3429353537121692,0,,0
210,293,0.1887255980497476,0,0.3394502725719424,0,0.17622475249569383,0,0.0,0,0.39101077880669377,0,0.4129230447944112,0,,0
211,293,0.1887255980497476,0,0.3897078904859481,0,0.2930547126709652,0,0.0,0,0.41079043574091245,0,0.48561792391185754,0,,0
212,293,0.5156886289711438,0,0.4577526402602123,0,0.4072945348934892,1,0.8333333333333333,1,0.432124350918376,0,0.5613153702119831,0,,0
213,293,0.7136552047880018,1,0.5213151356604981,0,0.4737626022329865,1,0.8333333333333333,1,0.45215297254596126,0,0.5812279848526085,0,,0
214,293,0.7136552047880018,1,0.552177694032228,0,0.4813375855701702,1,0.8333333333333333,1,0.4703864676497275,1,0.583754103290491,0,,0
215,293,0.7136552047880018,1,0.5307002687769087,0,0.4447398170842943,1,0.8333333333333333,1,0.48914756693889966,1,0.5827794066018221,0,,0
216,293,0.7136552047880018,1,0.4861975239666579,0,0.35510808555662404,0,0.8333333333333333,1,0.5074772129686919,1,0.558792521653962,0,,0
217,293,0.7136552047880018,1,0.4277581978965546,0,0.24174766056095637,0,0.8333333333333333,1,0.5237377195042221,1,0.5337570952305641,0,,0
218,293,0.784239688403362,1,0.3810287716697655,0,0.13347096820030382,0,0.8333333333333333,1,0.540254208829028,1,0.5348529137190969,0,,0
219,293,0.784239688403362,1,0.3298763542092159,0,0.06556263400915567,0,0.8333333333333333,1,0.555688387282164,1,0.4747601515872706,0,,0
220,293,0.784239688403362,1,0.341691023984978,0,0.04133207586697064,0,0.8333333333333333,1,0.5743949502432044,1,0.49280702727701087,0,,0
221,293,0.784239688403362,1,0.3884609040717292,0,0.08131051796901342,0,0.8333333333333333,1,0.599062141699781,1,0.5379715616368539,0,,0
222,293,0.784239688403362,1,0.4110946341219367,0,0.07760946842186502,0,0.8333333333333333,1,0.625682767441913,1,0.5439182468996906,0,,0
223,293,0.784239688403362,1,0.40142134922961237,0,0.0902438255874368,0,0.8333333333333333,1,0.6472422496436321,1,0.5418463692725466,0,,0
224,293,0.3124404124980716,0,0.3825028902124887,0,0.0993514627293171,0,0.8333333333333333,1,0.6712930006565835,1,0.5320169741643522,0,,0
225,293,0.26769370179650526,0,0.3788611509664707,0,0.10683953123832023,0,0.8333333333333333,1,0.6915744498264962,1,0.5110269341094138,0,,0
226,293,0.08655464967801223,0,0.34867735195349087,0,0.12076570197431635,0,0.8333333333333333,1,0.7121943820633595,1,0.49851991612976154,0,,0
227,293,0.584375476210912,1,0.3503975408766368,0,0.20283614607063113,0,0.8333333333333333,1,0.7374827544799807,1,0.4931673952867298,0,,0
228,293,0.584375476210912,1,0.374446089129617,0,0.3070272050127909,0,0.8333333333333333,1,0.7545755182188788,1,0.5268804016371635,0,,0
229,293,0.584375476210912,1,0.4009005977197592,0,0.3188866506072721,0,0.8333333333333333,1,0.7695309615111439,1,0.5325796659904918,0,,0
230,293,0.584375476210912,1,0.44609312924922295,0,0.33621262406165925,0,0.8333333333333333,1,0.7861185849956642,1,0.5275535881536177,0,,0
231,293,0.584375476210912,1,0.47431072409732467,0,0.34867836588692763,0,0.8333333333333333,1,0.802339761463694,1,0.5274689800122054,0,,0
232,293,0.584375476210912,1,0.493967030566956,0,0.33739463486736004,0,0.8333333333333333,1,0.8195188026014114,1,0.5130955418566967,0,,0
233,293,0.584375476210912,1,0.476532486462867,0,0.21574040928028765,0,0.8333333333333333,1,0.841579253742881,1,0.4578036445862943,0,,0
234,293,0.48110232701407263,0,0.45583643763500653,0,0.11376623561107711,0,0.8333333333333333,1,0.8614207395846117,1,0.4396410968964589,0,,0
235,293,0.48110232701407263,0,0.4804502345100064,0,0.09156559569374911,0,0.0,0,0.8780755279538252,1,0.4674536050370973,0,,0
236,293,0.48110232701407263,0,0.46098467694163564,0,0.07004437266835717,0,0.0,0,0.8904096873231827,1,0.4662870753965629,0,,0
237,293,0.09508322686446377,0,0.4522998924361599,0,0.05732549902006432,0,0.0,0,0.8962179090654157,1,0.4822955897277378,0,,0
238,293,0.31065546114965875,0,0.48078257012723824,0,0.05932781952973348,0,0.0,0,0.8957285433466766,1,0.511756934788459,0,,0
239,293,0.42367262308322495,0,0.49911374864998337,0,0.06896950144023467,0,0.0,0,0.8886605001981385,1,0.5390472158662419,0,,0
240,293,0.42367262308322495,0,0.5169992562428883,0,0.06561980468187943,0,0.0,0,0.8790240809352874,1,0.5554917141789294,0,,0
241,293,0.42367262308322495,0,0.48012800456848065,0,0.05970820305586897,0,0.0,0,0.8692475768636011,1,0.5573544557399417,0,,0
242,293,0.42367262308322495,0,0.4917251127440163,0,0.06702292931155243,0,0.0,0,0.8609823188421997,1,0.5790736790039597,0,,0
243,293,0.42367262308322495,0,0.497790888753827,0,0.07425551334251175,0,0.0,0,0.8515954546361493,1,0.6055037091882207,0,,0
244,293,0.42367262308322495,0,0.4810302540696864,0,0.12994633931097047,0,0.0,0,0.838774590920412,1,0.6015748122898217,0,,0
245,293,0.22480917240625614,0,0.5085248968426571,0,0.19079463027896557,0,0.0,0,0.8262004991195773,1,0.611237171035099,0,,0
246,293,0.985618868266417,1,0.56310984583829,0,0.3037266776855085,0,0.0,0,0.8156630768242029,1,0.6312128671080495,0,,0
247,293,0.985618868266417,1,0.6402344365623421,0,0.308164808736827,0,0.0,0,0.8052542754436584,1,0.6389352333805903,0,,0
248,293,0.985618868266417,1,0.6538947278515171,0,0.29110375010107054,0,0.0,0,0.7913365285180481,1,0.6348839884773794,0,,0
249,293,0.985618868266417,1,0.6757194392401358,0,0.2738407731640599,0,0.0,0,0.7755956188296781,1,0.6306286485728227,0,,0
250,293,0.985618868266417,1,0.6961148058358064,0,0.20896521362471535,0,0.0,0,0.7527065405042651,1,0.613647344982898,0,,0
251,293,0.985618868266417,1,0.6661446035357685,0,0.13906434823899785,0,0.0,0,0.7265648970147638,1,0.5838462049065856,0,,0
252,293,0.16327932971709108,0,0.6200190035648309,0,0.024665517996167747,0,0.0,0,0.7037263791004876,1,0.5084294232945588,0,,0
253,293,0.16327932971709108,0,0.5845050770560124,0,0.016531478343923704,0,0.0,0,0.682540028007367,1,0.5433317121995622,0,,0
254,293,0.160901684835467,0,0.5981710017443567,0,0.027455651983197226,0,0.0,0,0.6669348041324893,1,0.6182946617358331,0,,0
255,293,0.160901684835467,0,0.6199335131021575,0,0.11681410801257539,0,0.0,0,0.6491607175361414,1,0.642670526142199,0,,0
256,293,0.12174624688475646,0,0.6148677214333362,0,0.1829657563450867,0,0.0,0,0.6257793442266472,1,0.6691024637563792,1,,0
257,293,0.12174624688475646,0,0.6373960315943384,0,0.21679003991542936,0,0.0,0,0.6116525650868355,1,0.696036600419264,1,,0
258,293,0.2053693087702924,0,0.6590397859200607,0,0.27376600527466377,0,0.0,0,0.6000846861258285,1,0.7160365481011862,1,,0
259,293,0.2053693087702924,0,0.6470836402722019,0,0.2925253944249365,0,0.0,0,0.5816582840809582,1,0.7201349337723983,1,,0
260,293,0.2053693087702924,0,0.6184510873114318,0,0.2839752702311211,0,0.0,0,0.562390754707097,1,0.7186610354248975,1,,0
261,293,0.2053693087702924,0,0.5612628688950098,0,0.20148688015889557,0,0.0,0,0.5399031301579502,1,0.712752498760443,1,,0
262,293,0.2053693087702924,0,0.5343468075438157,0,0.1373804746699555,0,0.0,0,0.5171476171569654,1,0.6910860023091892,1,,0
263,293,0.2053693087702924,0,0.5244145941927781,0,0.13152535537138876,0,0.0,0,0.4968412690256882,1,0.6589557540566402,0,,0
264,293,0.15864858129182632,0,0.5107242632694176,0,0.12288837973983673,0,0.0,0,0.47804709465866163,1,0.6213382386617734,0,,0
265,293,0.26345895942163355,0,0.5043553432359453,0,0.10615727819129732,0,0.0,0,0.4680995070566275,1,0.621469033856227,0,,0
266,293,0.26345895942163355,0,0.5004286145689858,0,0.15288905721411736,0,0.0,0,0.45903269975768385,0,0.5912409019680208,0,,0
267,293,0.26345895942163355,0,0.5157062333651127,0,0.227350364555319,0,0.0,0,0.4499358645792158,0,0.5889949032382601,0,,0
268,293,0.5948481216900989,1,0.5600023380013345,0,0.31861632583941896,0,0.0,0,0.4428783585395643,0,0.6184405801246458,0,,0
269,293,0.5948481216900989,1,0.5526011257531261,0,0.3690096043263339,0,0.0,0,0.43549055416960303,0,0.6296780672481312,0,,0
270,293,0.5948481216900989,1,0.5431172941916639,0,0.39966849062886967,1,0.0,0,0.4269748956118897,0,0.6352579809865206,0,,0
271,293,0.5948481216900989,1,0.5665552301643921,0,0.5146364407467638,1,0.0,0,0.4176850862762025,0,0.6639517217497912,0,,0
272,293,0.5948481216900989,1,0.5749314028519399,0,0.5430430213875013,1,0.0,0,0.4097973481199521,0,0.6862848649577766,1,,0
273,293,0.5948481216900989,1,0.5623143943158931,0,0.5253082115279327,1,0.0,0,0.40296643031163526,0,0.7036212230026457,1,,0
274,293,0.15818836306411174,0,0.5032246243041567,0,0.48749906275449517,1,0.0,0,0.3935402890952962,0,0.7034495543099251,1,,0
275,293,0.15818836306411174,0,0.490948369477219,0,0.4437658203206692,1,0.0,0,0.3830443791007455,0,0.7102386423720406,1,,0
276,293,0.15818836306411174,0,0.4904716354484562,0,0.4174016980940245,1,0.0,0,0.3718675559746513,0,0.7120618728847283,1,,0
277,293,0.15818836306411174,0,0.47886468917092884,0,0.32267366155753996,0,0.0,0,0.3641144375989435,0,0.7144484764485268,1,,0
278,293,0.16423170745205795,0,0.47176226914410735,0,0.26733952360404173,0,0.0,0,0.3550188180632853,0,0.7152167619709484,1,,0
279,293,0.16423170745205795,0,0.4905708643201587,0,0.24736910951584926,0,0.0,0,0.35367403850366763,0,0.7175518649269308,1,,0
280,293,0.16423170745205795,0,0.4950545987525515,0,0.19229647734913563,0,0.0,0,0.35581231639868804,0,0.7064517127576215,1,,0
281,293,0.16423170745205795,0,0.48058696222328173,0,0.15400629143320693,0,0.0,0,0.3539788403996926,0,0.7016618837407295,1,,0
282,293,0.16423170745205795,0,0.44780481737245575,0,0.09975596303072493,0,0.0,0,0.3452785975963677,0,0.6701910612602182,1,,0
283,293,0.16423170745205795,0,0.40241803299124074,0,0.07739872336772298,0,0.0,0,0.332355094260126,0,0.6513632292635936,0,,0
284,293,0.1516542445865419,0,0.3869114471944975,0,0.06547807959073579,0,0.0,0,0.3216803731468262,0,0.6310405171903579,0,,0
285,293,0.1242379966113984,0,0.3705406823299591,0,0.02934100198957735,0,0.0,0,0.3127962608603022,0,0.5934268166553294,0,,0
286,293,0.1242379966113984,0,0.37840087961348257,0,0.057976605474589965,0,0.0,0,0.29071419851475633,0,0.5208858943813546,0,,0
287,293,0.1242379966113984,0,0.37733715551262265,0,0.1155937320370129,0,0.0,0,0.253028025393317,0,0.4157061212913976,0,,0
288,293,0.1242379966113984,0,0.3865235862737794,0,0.13882377256218142,0,0.0,0,0.2458022880882393,0,0.4815100010910499,0,,0
289,293,0.1242379966113984,0,0.4113786555944944,0,0.17078965179603825,0,0.0,0,0.24106185526580326,0,0.5174661450263656,0,,0
290,293,0.1242379966113984,0,0.4203058501777247,0,0.20424233932711908,0,0.0,0,0.2530609076994383,0,0.513665999647507,0,,0
291,293,0.11869848769649108,0,0.4180680906051489,0,0.27941418156161785,0,0.0,0,0.27518920506864164,0,0.5119204287815262,0,,0
292,293,0.11869848769649108,0,0.382192351561687,0,0.35399852124405984,0,0.0,0,0.27108639005489865,0,0.48803886121420015,0,,0
