aa,metascore_WT,metascore_F37D,metascore_F37G,metascore_F37P,metascore_F37K
1,0.2645220324058832,0.2720037921514134,0.2580942907545924,0.2787591459614789,0.2703019285193261
2,0.2799198764816128,0.28712186770604886,0.27355618238997,0.29387749470734476,0.28569232053276117
3,0.29336458579932695,0.30070509710428256,0.2868599536367525,0.3074833004264839,0.2992413214678313
4,0.47727703810408906,0.48430826063124466,0.4709558563475323,0.4908697156797347,0.4829787942249533
5,0.5584242481805816,0.5656086515210893,0.5520761707056624,0.5722457638378571,0.564207257591347
6,0.569892117829891,0.5771464965244438,0.5634963932818815,0.5838561477689006,0.5756936643747748
7,0.5862126578441169,0.5933480603358343,0.5797361310475854,0.5999548854821466,0.5918555691868352
8,0.5943513457712877,0.6007325422222581,0.5888644740983902,0.6065915239976378,0.5997293559254401
9,0.5922674223766674,0.5967559466304038,0.5893454899192665,0.603865284908619,0.5962493874962215
10,0.5787397390803655,0.5817180337309715,0.5780779271046261,0.5898371029729743,0.5815660761836378
11,0.5486987036901835,0.550543315812091,0.5499905308038735,0.5594069540079943,0.55060915214974
12,0.5278568270576683,0.52864663555895,0.5306946391923466,0.5381632726582526,0.528880057344534
13,0.5094738233309981,0.5088703935924874,0.5134051358538899,0.5190047487302023,0.5092136483120526
14,0.4795300434471621,0.47751618926429645,0.48323900986182117,0.4882488694910389,0.4779720515775366
15,0.45965276586738474,0.4567450088145581,0.4634334048184959,0.467967894416818,0.45731614529884773
16,0.3041908366732269,0.3003015074109407,0.30804460188852434,0.3121921572458993,0.30099317196088266
17,0.3135854190188935,0.3088657976366259,0.3173530793613535,0.32135146087992,0.3096593171825681
18,0.3146049409481088,0.3091031447602233,0.31834885363006105,0.3222496060368709,0.3100474888861935
19,0.31081572047080214,0.3045999217163766,0.31457554388418135,0.3184638994205379,0.3056696132923094
20,0.3076800193363084,0.30083894586898025,0.31142373595331146,0.3154297774151475,0.30199125013271516
21,0.2904373889437922,0.28309945618218174,0.29401653830862245,0.29686791320138856,0.284361197480721
22,0.2796239971692501,0.2718921789451819,0.2830566895638911,0.2848948820661373,0.2732001411635276
23,0.26424044918026485,0.2562179959055213,0.2675647862113292,0.2687351926681537,0.25744989235152055
24,0.258652892721227,0.25015329212777526,0.2617814542958852,0.2622468571912103,0.2513130968530088
25,0.27823546754257217,0.26944729323532407,0.28116952856490013,0.280594597348026,0.2705977938084975
26,0.3006468802355245,0.29157294308925147,0.3035299945135347,0.30174678088015255,0.29266738815370147
27,0.31420745478566714,0.30501014681689653,0.31704450017162683,0.3143511436853293,0.30610275048938124
28,0.3278668691949204,0.31831736086436085,0.3303846245002805,0.32680937282182765,0.3197627780324277
29,0.33491684258005433,0.3250886382851717,0.33727440547876,0.3328863033303995,0.32696873612697197
30,0.33296332636847675,0.32291371460895935,0.3348735436991087,0.32993619066064156,0.3252449939485636
31,0.31345825801080324,0.30183679463185026,0.31417169882188345,0.30771323595345856,0.3057629654576884
32,0.3241291600065902,0.29750022605633525,0.3108353347620337,0.302709807613027,0.30517709226111045
33,0.5721503689901377,0.4102514090831431,0.48692276850094546,0.3278901617989921,0.32979399874915716
34,0.6113239488406356,0.42510140398153107,0.5058532307277132,0.3364484659392436,0.40198531605460813
35,0.6239240206089243,0.42284021119014864,0.5064906502975923,0.3365036360947467,0.40018264602849374
36,0.6343585654908884,0.4236663414428293,0.5086106212523419,0.33718287128800895,0.39897604610776377
37,0.6380762805330279,0.4145579850312903,0.5022931954859298,0.3153715215458754,0.3834387083270407
38,0.6232674658265416,0.41635526082407287,0.5015077072332517,0.3238956322941186,0.3818629656251884
39,0.5729019916752623,0.3704557669461958,0.4378178092934418,0.31936125472911553,0.3760285768876494
40,0.42826422669285685,0.3777979374311146,0.3897786263107273,0.32190042857759543,0.37880876043053957
41,0.5339787897770912,0.5012378166132231,0.5137325454198515,0.4473584271038626,0.49978981302803627
42,0.565601366255805,0.5445985680002758,0.5552233559049111,0.48907139652752196,0.5429398854384224
43,0.5811305935866017,0.5714170923162577,0.5785931537073473,0.5140009870333319,0.5696274727847904
44,0.5869735212389136,0.5793244645288396,0.585167293082671,0.5216392668582994,0.5771673113716678
45,0.5848701907115075,0.5784292668621185,0.5829843010596918,0.5204403171062826,0.5760063473276944
46,0.5729711300533544,0.5675250097245765,0.5686942702756106,0.5090993643040492,0.5648673919346052
47,0.5617196253954148,0.5572115692223897,0.5571979129284258,0.4983014768865267,0.5544020966818276
48,0.537772407269174,0.5359366216937854,0.5346130444761886,0.47650608980342296,0.532955512065849
49,0.5099081320149643,0.506313870982039,0.5036173857412051,0.4489832390703423,0.5037664703887335
50,0.4511347764181957,0.40197542901720823,0.4002364293326822,0.40110464592074474,0.4018535496392398
51,0.3047033254036969,0.30636463264550495,0.30361615076859716,0.3057733028627529,0.30611626694679117
52,0.31642880455831834,0.3189090108146313,0.3152095299244826,0.31863188277776455,0.3185455120743496
53,0.31381534596889643,0.31724191087436526,0.3126116166900331,0.31722107102921243,0.31675843882315996
54,0.3076380142440324,0.31198612401575054,0.3062379904480147,0.3121396677485777,0.3114097710062867
55,0.3007861847676684,0.30577959837517243,0.29904571734297836,0.3065666595333541,0.3050922200528813
56,0.2999877428686526,0.30567973649757285,0.2977866319225083,0.30723672126442486,0.3049142587959948
57,0.3193740963026474,0.32586036570690946,0.3168719389317079,0.32810820560395804,0.32502070816245565
58,0.3321070230426265,0.3393869574656704,0.3293089138929545,0.3423244757451091,0.33847919970262835
59,0.3938841439853292,0.4085531424931246,0.391813306810109,0.41301159034050444,0.4085139371136357
60,0.3877955392537248,0.4028979917501431,0.3853900648817197,0.40802081303739324,0.4028244294102766
61,0.39998505585227334,0.4153327090542079,0.397211036367147,0.4213065885368108,0.4152353594126387
62,0.4065818232683405,0.4220549975021773,0.4033822623361831,0.42900369878263833,0.4219252631493942
63,0.40571357522117946,0.4212160174603175,0.4021180227351235,0.42894387897665587,0.421042113599572
64,0.3927380893308449,0.40826625474388084,0.38876434210129507,0.4166989260857632,0.40806455585611406
65,0.3911541892607871,0.4072634175882508,0.38684857579973864,0.4160374131805399,0.40677960710070504
66,0.38652528649189166,0.403167341687993,0.3818415836391195,0.41228270742275364,0.4024129209653122
67,0.41510988104287927,0.43202595392961896,0.4101751008287662,0.44081138372563244,0.43101508249089004
68,0.5659503099940402,0.5827900953936214,0.5608780717049769,0.591589473420886,0.58177986369559
69,0.6001659264975808,0.6169262295176657,0.5949563588128473,0.6257564540267775,0.6159143122011717
70,0.6152311373223761,0.6319410774577504,0.6099474633187484,0.6407605161292464,0.6309558723196311
71,0.6218892935794427,0.6385947158358979,0.6166055322349222,0.6474052926461625,0.6376135924800451
72,0.6337029925630139,0.6503878419111525,0.6284467594911864,0.6591750852899589,0.6494155861568685
73,0.6260025002721457,0.642598690215965,0.620786680694718,0.6513186311971886,0.641657665447745
74,0.6069066797344745,0.6234560657670054,0.6017599014315766,0.6321006388273231,0.6225442705437236
75,0.5809077030211902,0.5974160481359989,0.5758171598362394,0.6060208152081926,0.5965142796350519
76,0.5775911594859946,0.5940394424054409,0.5725208466995098,0.6026058017595135,0.5931634160971986
77,0.5211602850367225,0.530852856836122,0.514962677602402,0.5384889083761588,0.5290609171666198
78,0.3565186882793759,0.36621228516620136,0.3504246306914124,0.3738426704729094,0.36440015703582024
79,0.43438165519527494,0.44420114576271064,0.4282733639185597,0.45189828750731953,0.44236613096140376
80,0.5678480514850561,0.5779297094827319,0.5617537685843061,0.5857503825765806,0.5759966529783231
81,0.5812714135548812,0.5914754224955812,0.575085971963861,0.5993982329803514,0.5895160680803296
82,0.6001980906994523,0.6104773136185069,0.5939594900746944,0.6184640269711934,0.6085069729188017
83,0.596482540337175,0.6067761271680816,0.5902412125199511,0.6147709425918352,0.6048037431732972
84,0.640235469249104,0.656700617217573,0.6350483003882964,0.665541250116166,0.6555521205700526
85,0.6336559452762631,0.6499516238928111,0.628550755033869,0.6586958029620815,0.6488412012480312
86,0.6145092770582848,0.6306484390960575,0.6095205264609473,0.6392528870714906,0.629565883913462
87,0.5525771381710205,0.5684882572301179,0.5476414257047186,0.5769395482926412,0.5674474457175311
88,0.4437803330353489,0.45946952907899874,0.43892779062561127,0.4677601094970068,0.45847430023790275
89,0.41357780324180765,0.4291508699962407,0.40883340612940444,0.43731807994625926,0.4281360517044495
90,0.4116875676882007,0.42704206495243385,0.40699090551777745,0.43508930537990126,0.42606980609392453
91,0.3758870522594107,0.39099060103901667,0.37121947997661336,0.39891550296048184,0.3900582204393311
92,0.5764265189817888,0.5914974715269358,0.5719853430185909,0.5993072343313554,0.5906083655940347
93,0.5901876573710801,0.6051516248489525,0.5858337222916361,0.612867734205471,0.6042857121702224
94,0.5986594896185743,0.6135324026929055,0.5943500186349323,0.6211837872482847,0.612683799627975
95,0.5935038388127463,0.6082244901952951,0.5892920759158035,0.6157552284947257,0.6074061159612782
96,0.5833719171344321,0.5979635585740217,0.5792861067041046,0.6053728964023571,0.5971698293507217
97,0.5737755963189412,0.5881650382533392,0.5698250141884956,0.595409790733976,0.5874098215614019
98,0.48837690208105283,0.49639255394891685,0.4835446000318206,0.5026091728184843,0.4948504539320458
99,0.3033629516475901,0.3111738634946659,0.29868336512344607,0.3172121025177851,0.3096677897959517
100,0.27866953398728456,0.2862993657109866,0.2741139128940922,0.2921916313780638,0.28482536847087025
101,0.2643315567592589,0.2717869790475027,0.259882481846752,0.2775488272210743,0.27034357893550526
102,0.2582796016141329,0.26554944594500535,0.2539480159761993,0.2711627381127403,0.2641457152919236
103,0.25835788081294025,0.26547153787839234,0.25412408097510936,0.2709619314800893,0.2640981693673688
104,0.2650376221060125,0.27200440488183175,0.26087995422240745,0.27738540661658423,0.270658788077948
105,0.2751015190822214,0.28191742164372086,0.2710250970337125,0.28718142832988613,0.2806007026530736
106,0.28909901144199546,0.29578054417156896,0.2850992758770274,0.30093736107288893,0.29448941358922043
107,0.30952332918797887,0.3160668508396896,0.30558501260535575,0.32112587525479813,0.3148009585858437
108,0.33424579092389184,0.340659695521534,0.33035845944072667,0.34563131792998986,0.3394161534840465
109,0.3493943770529829,0.355563642135536,0.3455959602418718,0.3603689547044775,0.35436226674178617
110,0.3921332436448264,0.398017886128878,0.3884313733047946,0.40264201717976633,0.39686673288651664
111,0.40891108479341587,0.4145207642809218,0.4053595903327194,0.4189413274183814,0.4134208466555789
112,0.41060782170356347,0.4159853372884385,0.40719052627777375,0.4202284730481777,0.4149292385462188
113,0.406440651649692,0.41159866636931797,0.4031449941295113,0.4156760502335123,0.41058308785172926
114,0.38504291336864294,0.3899459530113524,0.3819029442761973,0.3938292896419719,0.38897706257599873
115,0.38098595215861103,0.3858091755812171,0.37784162842145713,0.3896413431631314,0.3848485035852973
116,0.3546558217113008,0.35936588146160214,0.3515795421692585,0.36311698391925334,0.35842642805431296
117,0.37739319727561377,0.3819439742006201,0.3743722775983778,0.38560401035673497,0.38103707600693226
118,0.4244822233661267,0.42890353558883554,0.4215231312474009,0.432467224357992,0.42805746951147544
119,0.41334572025459015,0.41762226817760345,0.4104343275169364,0.4210910211952439,0.41680808726706464
120,0.3977587746709549,0.40192608755898745,0.39493974757265743,0.4053080112799491,0.40118061370177205
121,0.38403859951890706,0.3881586739503187,0.38128917170215537,0.39148380303549146,0.38746141938987744
122,0.3845640576576813,0.3886229949202791,0.3818831527862298,0.3918845273763471,0.3879281791992805
123,0.37329898997690514,0.3772412488507147,0.37071835600145125,0.38040038717462904,0.37653008997665355
124,0.34734066713480277,0.35116726106396323,0.3449175373001607,0.3541953230661476,0.35045352193513185
125,0.33236792487144284,0.3360727357956824,0.33001636501044174,0.3390098799957166,0.33536065396480147
126,0.34197025510543605,0.34539155017693934,0.33954728773518195,0.3482223430938974,0.34468049355215574
127,0.34574025842780787,0.34901944922241857,0.3433866559162339,0.35174909431907514,0.3483294082389709
128,0.3266395919909389,0.3297635571657572,0.32436975990462363,0.33237765452640566,0.3290998024268442
129,0.3167726300635472,0.31969536805208165,0.31459570896422306,0.32216686316263476,0.3190631628932441
130,0.2442201522475169,0.2470578183702868,0.24218704611587197,0.2493981955480035,0.246431630483122
131,0.23838457223466514,0.24125045104522444,0.23649016419888452,0.24348751868474589,0.24064692616971373
132,0.24123121079218837,0.24405062062547414,0.23937335031118884,0.24626315335559135,0.243454974256375
133,0.2570524899951755,0.25978135446008255,0.2551001622483306,0.2618611635249196,0.2591975996519619
134,0.2659690891027027,0.26865167098847487,0.26406407739815013,0.27070882071397817,0.2680790124196729
135,0.2780597156316262,0.28068692004106205,0.2761938800607784,0.28271474392387436,0.2801279737943822
136,0.2815672030532071,0.2841462916053542,0.27973456442414685,0.2861431578327443,0.28359784995819803
137,0.27467657285934766,0.2772281421520432,0.2729120284791182,0.2792073844371167,0.2766917937090506
138,0.26227214688569933,0.26477769078880364,0.2606080963282351,0.2667383286597522,0.264260993263037
139,0.25071082211560064,0.25327091795599926,0.2490608080005052,0.255293657651049,0.2527567815646017
140,0.24591537930958082,0.24857131416320102,0.24419281418262026,0.25067607995226143,0.2480753894652973
141,0.260631289189329,0.2633583016067801,0.2587711376102669,0.26556449380904623,0.2629771132145824
142,0.26637663109042214,0.2692565215241106,0.264415567430627,0.2715871258243074,0.26888200982586824
143,0.3342997286849906,0.33740594105956756,0.33226744480665205,0.33988398535717124,0.3368934256613023
144,0.3497404585736011,0.3529276757334544,0.34766421013216114,0.35546728574826303,0.3523933315320138
145,0.3652699837051392,0.3685005621782112,0.36319162906486535,0.3710631762765444,0.36793232385668534
146,0.4737909653778923,0.47711277781350353,0.47167423983382617,0.47973808309381655,0.47649719463304147
147,0.49968899062648076,0.5031239930201675,0.49750869237764234,0.5058243149150655,0.5024743480212405
148,0.5351008270556173,0.5386387866774366,0.5328581605091522,0.5414177020981363,0.5379627942836482
149,0.5483787925510241,0.5520186170527211,0.5460836870347366,0.5548719629638279,0.5513069773018836
150,0.5519908279825114,0.5557198510786896,0.549621600173944,0.5586511779821117,0.5549819073638286
151,0.5410094524223639,0.5447430727855646,0.5386392431372844,0.5476772919511275,0.5440017825346112
152,0.5178729652685613,0.5215951428906522,0.5155226717743235,0.5245139732822437,0.5208568293130393
153,0.48985782369402553,0.493602244159939,0.4874873409792724,0.4965410514502689,0.49286009092830735
154,0.4446642550676697,0.44843994987591723,0.4422850851096543,0.451399502874051,0.44768746200426945
155,0.27540497684660187,0.2792259926579909,0.273021463959449,0.2822105899755523,0.27846270629557207
156,0.25598916005309946,0.2598994791433197,0.2535825653451702,0.26294904632632293,0.2591370398191701
157,0.25021455435204865,0.2542388348661927,0.2477404335750576,0.2573767467309261,0.2534546409593379
158,0.2461694446703373,0.2503256783165915,0.24361500828747334,0.2535659639242343,0.24951718176504895
159,0.2399878904288735,0.2443095264858204,0.23735123929166985,0.24766945227749906,0.24347413373262602
160,0.2381157102370124,0.24251087415622807,0.23544564041658117,0.24593943267027263,0.24165482696943913
161,0.24189320086722912,0.24636270153881326,0.2391842087883189,0.24984704690386847,0.24548705248086267
162,0.24480564559574808,0.24936606790935767,0.24204531477195185,0.25291728759781607,0.24847231619439386
163,0.2780168645317733,0.2826519582427751,0.2752053870695409,0.2862626238415254,0.281742470702339
164,0.28098698885754614,0.28566463623701205,0.2781347595299406,0.28931363185927633,0.2847426426931983
165,0.29095958359482604,0.2956219094357659,0.288065314107266,0.29928045410654197,0.2946995166888948
166,0.3002508447847986,0.30488374670733975,0.29732096907509054,0.3085434911233211,0.3039624745648394
167,0.3018729617087461,0.3063729995622395,0.29880629508688383,0.31003535707529134,0.3054605636994421
168,0.31548336024154255,0.3196614603791187,0.31208164676846295,0.323342970300896,0.3187436550441132
169,0.2973139044836078,0.3012653826022142,0.29391358737587087,0.3048428874091575,0.3003640581230142
170,0.3011826281047517,0.30494328098514883,0.297873613216126,0.3083864294314216,0.30407373720585146
171,0.300637145841317,0.30418989076146413,0.2974001250536965,0.30749657046649115,0.3033485012044047
172,0.2958777796783895,0.2992215347475641,0.2927352050211399,0.3023733367781972,0.29840021096962116
173,0.2737550716642071,0.2770952534086477,0.2708155819425484,0.280140227278862,0.2763063984719309
174,0.27457251548109657,0.27810241680190606,0.27190141058203493,0.28110281055177627,0.2773404962894688
175,0.2644226495104864,0.26798422836734376,0.2619100524012191,0.2709196375046737,0.26724037027062564
176,0.26156827389327636,0.2651347804631653,0.2592058149306542,0.2680020026992162,0.2644149727883127
177,0.2518504447204101,0.2553523806374268,0.24961055679749136,0.2581299742499596,0.25465785766763704
178,0.24398468665255368,0.2474022475247022,0.24182450311263842,0.2501044687674602,0.24674411096155624
179,0.2572550506714052,0.26054581498198554,0.25511152474527704,0.2631766203459751,0.25996355959917994
180,0.25723716947623737,0.2604257819183515,0.25513975978052655,0.26298584606304715,0.2598734978659612
181,0.3901963741064829,0.39331298210645527,0.3880312423020403,0.3958737283879022,0.3928011609471722
182,0.4682855960933507,0.47126734747470916,0.465930974754633,0.4738635176060032,0.47085265453624436
183,0.48694920735184893,0.4899465667912325,0.48453834144364627,0.4925793707132541,0.4895300480222813
184,0.5121177221237618,0.5150508314057112,0.5095604689580449,0.5177206335359513,0.5145626400939906
185,0.5210245818709429,0.5239737439562655,0.5184316812517656,0.5266701166720549,0.5234770671933413
186,0.5227670247284097,0.5256710194798142,0.5201478462938495,0.5283595157011673,0.525180105375086
187,0.5036423511454114,0.5064581331883952,0.500974777137244,0.5091273750250471,0.5059068481100035
188,0.31137667776661887,0.3141081882178918,0.3086468447904275,0.31677873553960684,0.3134698587734834
189,0.28243631205850395,0.2851028055240623,0.2795961495186156,0.2877995860959027,0.28446425643243434
190,0.23865201705317748,0.24140973809633645,0.2358374860080337,0.24413994841968317,0.24077306135348128
191,0.20301295652858273,0.2060135319763007,0.20047805919702283,0.20870839129557786,0.20536180107194194
192,0.18310606345001892,0.18649684808572567,0.18085639227165037,0.189231958070342,0.185821042555099
193,0.17831041848418827,0.18186537048905063,0.17611569611211947,0.18465341135025992,0.18117481995931567
194,0.16629204554167434,0.16990695307207146,0.16408173889864464,0.17272859936161572,0.16921624388746345
195,0.17245314031484338,0.176154713887673,0.17017255324837846,0.1790465489796783,0.17543859145939217
196,0.18473350837032643,0.18844854279210665,0.18237192480722508,0.19138575071916933,0.18772794508455956
197,0.1830657319802703,0.18682108035209913,0.18065799349834857,0.18979907057554343,0.186093674572269
198,0.1787996964611999,0.18260278550239714,0.17634756605843724,0.18562482344111467,0.18186404360860162
199,0.15998799365747216,0.16388062746294405,0.1574432386442135,0.1669914489090261,0.16312984723147497
200,0.13816287761845925,0.14223532819521947,0.13558755359855132,0.14545458580705678,0.14151235641298682
201,0.1314945871267391,0.1357472524162775,0.12885876431888107,0.13908460037361103,0.13499091510067776
202,0.11874045893265393,0.12315297837443032,0.11603766767941187,0.1266039716627922,0.12235641751698467
203,0.11702449834066439,0.12152339634433322,0.11427392063882288,0.12504200648568203,0.1207076569277708
204,0.1356952683237997,0.140272328035126,0.1328570582028668,0.14387418432398877,0.1394857545401868
205,0.2226196236034696,0.2272147662938894,0.2195921784321274,0.23092914459131927,0.22642570697906558
206,0.4666617295827541,0.27126874418140945,0.2633913729796588,0.27512522098091985,0.27054340985899505
207,0.5019125115893408,0.3065848757349832,0.29840926062528145,0.310602501524971,0.30583519109891355
208,0.5948171854874048,0.3996136865881246,0.39112538173447253,0.4037719343500322,0.3987617688691336
209,0.6085194283321781,0.41347486482980433,0.40469864685194185,0.41777397988365444,0.41259030097651356
210,0.6079641930388314,0.413020313510923,0.4040100685822911,0.41743613680878044,0.41211393885504616
211,0.5865943011404839,0.3916497862494906,0.3825314892454552,0.3961097890947524,0.3906752402272526
212,0.36098757803217624,0.3659188999491912,0.35676682843500884,0.3704032126621926,0.3649642288633755
213,0.34326932877990274,0.3483051116189238,0.33909665744191325,0.3528151668667964,0.3473520630779947
214,0.22990583132825057,0.23548052566094987,0.22615919252685804,0.24001394232884857,0.23442888037073226
215,0.23404007484722691,0.23980205849060746,0.23039066955901732,0.24436516940767877,0.23870354052929696
216,0.23536270551446514,0.24122213712066368,0.23170222039198554,0.245838497697872,0.2401201500492773
217,0.22191051930576655,0.22782930271787247,0.21820133905899305,0.2324987189182925,0.2267142502943976
218,0.22865444532068355,0.234549386054612,0.22493556546044172,0.23920893706213178,0.23343921659037764
219,0.21454036249710864,0.22041076892017808,0.21087394649426217,0.2250303478184759,0.21933343231891503
220,0.21766524439750742,0.22355725251638017,0.21403561651786768,0.22817318175238388,0.2224354669760723
221,0.2281329518496859,0.23394798630967087,0.22453988797075602,0.23851289572327086,0.23282069922210244
222,0.2350814939418625,0.24065365162439953,0.23157558824500474,0.24506082350233205,0.23957198517304568
223,0.25202928097652105,0.2574135311670328,0.24869795044584847,0.26163620084394146,0.2563820803785648
224,0.27254596010817767,0.27769506191662324,0.2692830499566617,0.28175043338071987,0.2767337273651119
225,0.3355286964146807,0.3402920582219339,0.3322435788500126,0.3441838742881754,0.3394190523920148
226,0.3376788666225475,0.34224528790788167,0.33450765886619555,0.3459866000006252,0.3414149354748582
227,0.3277727441812251,0.33213384409574787,0.3247129769948428,0.33572105235290933,0.3313451282386415
228,0.31298842461361553,0.3171170952607828,0.31003701089065083,0.3205393635627221,0.31637561831441874
229,0.284207104512415,0.2880593317708899,0.2813251516665032,0.29132591619699894,0.28732711161958574
230,0.25313392732589834,0.25704091579977767,0.25064819849598524,0.26014056833899774,0.25634738754504577
231,0.17559112672493873,0.17932496992972566,0.17330717032977136,0.1822453016188377,0.17861972132562495
232,0.1688385618626258,0.1723618750246174,0.16669793247036582,0.1751111517898719,0.17169200740125545
233,0.17570484596244051,0.17898551457744158,0.17366142961056086,0.18156674356623753,0.17842212041292252
234,0.1866791724610865,0.18966143797762297,0.18467930963302123,0.19207696304700728,0.18914431981628893
235,0.1859848214766267,0.1887168243383334,0.18407775400909068,0.19096480919665937,0.1882699275556095
236,0.17989902763880225,0.1823796978791883,0.17813286731611863,0.1844369730669063,0.18198686697539077
237,0.17212684453106858,0.17434420106585702,0.17051997660511845,0.176196642759347,0.173992969726877
238,0.1470090155502222,0.1490387123898806,0.14565889464897447,0.1506794743120531,0.14867320463911937
239,0.12004463562035449,0.12186919728243445,0.1189074761836628,0.12330654352720394,0.12155940898603629
240,0.09728703117766505,0.09887985470297743,0.09631228292973283,0.100126846520917,0.0985897173489661
241,0.07797983456910929,0.07936685748872564,0.07713305948425679,0.08045235053643753,0.07911709829984385
242,0.06372453139522555,0.06491598098058496,0.06299090720087464,0.06585158668762085,0.06470803800130773
243,0.03811601279579635,0.039129921124109186,0.037499999381745974,0.0399217200383749,0.03895296456817313
244,0.021971981554521576,0.02280857126157372,0.021463950275404726,0.023460705435332043,0.022663155060944698
245,0.01185732625648103,0.012517563866359745,0.01146050559259079,0.013030320428286935,0.012392418313300206
246,0.0507855217300261,0.051270450083300056,0.05048887934864015,0.05165088096185948,0.051199498915457796
247,0.050181493386916576,0.05050071945795898,0.049988922070259845,0.050750715681452764,0.050457623480424776
248,0.05522406077668538,0.05543388871502656,0.055094360170566126,0.055600402404165805,0.05540536100800565
249,0.07117920914528862,0.07128398844948602,0.07110588886076481,0.07137153652487112,0.07129877525248011
250,0.08238534095416995,0.08236511316614131,0.0823680263686656,0.08236222788555124,0.08242185228021355
251,0.10080996793614164,0.1007743045233133,0.10077272583273632,0.10077357673200987,0.10081771535663449
252,0.11960458121925445,0.11963655064922563,0.11956748740671229,0.11967106396140352,0.1196371281241373
253,0.13659365237025378,0.1366979565196773,0.1365235143629688,0.136784110680996,0.13667871707579912
254,0.13825381579717302,0.1384335972373056,0.13814211295740556,0.13857666389177606,0.13839106185988398
255,0.13402348961459204,0.1342789566533978,0.1338707515012491,0.13447887287890692,0.13421739579349695
256,0.14364468257360105,0.14398615478844604,0.1434460746126304,0.14425023861776406,0.14390125038481136
257,0.1565125125179936,0.15694519766576082,0.15626470420541821,0.15727755502663862,0.15683491270389058
258,0.17022345977445752,0.17075028584638216,0.16992067202241987,0.17115500604791953,0.17062063174611938
259,0.1857943011906668,0.18642022752078619,0.18543187912175835,0.18690171657912402,0.18627396025647575
260,0.20145674335316066,0.20218127879322248,0.2010341216457685,0.20273957033594492,0.20201859486101728
261,0.21669504320973954,0.21751421044143707,0.21621478480374115,0.218146263334462,0.21733511773747402
262,0.23129151573383108,0.23225762083392945,0.23071970102447895,0.23300487357278912,0.23205742766799198
263,0.23739569330730945,0.23854484386790858,0.23671317723674046,0.23943445836531452,0.23831141790696142
264,0.24706954066945566,0.24838019861935753,0.2462889949630795,0.24939556734644422,0.24811818397681762
265,0.25720963563920823,0.25867670362670897,0.25633393389290776,0.2598139689404615,0.25838725406953517
266,0.26710645154184703,0.2687224209933378,0.26613866568513583,0.26997619453748783,0.2684099071084076
267,0.26506524648481966,0.2668481492033535,0.2639960765247495,0.2682319286854137,0.2665061208453972
268,0.2756561208439425,0.2776284542925714,0.274472390901097,0.2791595934874331,0.2772517818627225
269,0.45080697276395676,0.45298127382998365,0.449501336824085,0.4546694814556238,0.4525670293409155
270,0.4598769542005414,0.4622759475074657,0.45843602750453083,0.46413875244074665,0.4618194569218076
271,0.46779636649985895,0.4704428755480145,0.4662064191529902,0.4724979746780538,0.4699397650965691
272,0.47621389521444735,0.47909462948676174,0.47448268721087655,0.48133181863300406,0.4785477109890269
273,0.4730916218763982,0.4762044372503457,0.4712208496088897,0.4786219173818387,0.475613680573096
274,0.49267602134567173,0.4960294322682814,0.49066054836962475,0.49863374967687973,0.49539345617200153
275,0.48322942222287957,0.48679751383498415,0.48108486384867527,0.48956858031195793,0.4861211098631366
276,0.47394516950336757,0.47774737542224927,0.47165994089111823,0.4807002608767193,0.47702668160619704
277,0.4672251891173024,0.47115024889374924,0.4648662389144839,0.47419851323661627,0.470406257322157
278,0.46559995007635574,0.4696461764680941,0.46316823573361804,0.47278851543908346,0.4688791806465864
279,0.4700225091806309,0.47419253789895194,0.46751647298696813,0.47743098924837274,0.4734019862712518
280,0.47413445958454964,0.4784371055401005,0.4715488521147363,0.48177850352109813,0.47762117503069496
281,0.42053688532840006,0.4249504021875666,0.4178848493908799,0.42837783805139124,0.42411303935359507
282,0.41978998531080064,0.424292747813984,0.41708427632911677,0.4277895323859123,0.4234382036067323
283,0.4275113345722499,0.43211137054604304,0.4247467580837063,0.4356839180855221,0.43123839558840965
284,0.42936810858335606,0.4340606644892394,0.42654807886006996,0.4377050329027745,0.4331696477718757
285,0.4362002021688765,0.4409944196460765,0.4333190353749347,0.4447177365661888,0.44008396152386725
286,0.44803452957630374,0.45294048018064337,0.445086031848104,0.45675059746540403,0.45200893994021735
287,0.46192866647535596,0.46695069034075637,0.45891052727784803,0.47085094853761345,0.4659969004836199
288,0.34722526432008327,0.3523672480161671,0.34413608381276134,0.35636018375342376,0.3513897420493543
289,0.36226297756699005,0.36753881389965826,0.35909420362439004,0.37163542679137274,0.3665343422042
290,0.3746181740259075,0.38004444483294175,0.3713596876696092,0.38425767876755773,0.3790098176812822
291,0.3855187534779216,0.39112293593574216,0.38215302051851735,0.39547454944156474,0.3900541476327416
292,0.38213234789142825,0.3878244830033364,0.3787139349020281,0.3922443627934396,0.3867381554904693
293,0.3700646730523122,0.37576032538970544,0.366644720639028,0.3801826902090279,0.3746719916181147
294,0.3583265478780714,0.3640778278083667,0.3548734262618684,0.3685434213192157,0.3629765822206062
295,0.35882074348848375,0.3646528455313896,0.3553188790836969,0.3691813048943287,0.36353568479759407
296,0.34041890078373627,0.34637074283372477,0.33684681780385606,0.35099138174824934,0.3452285595227081
297,0.31834626538570926,0.3244134690555984,0.31470588281732564,0.3291232658288707,0.3232450119022978
298,0.3046598345072273,0.31083545405415963,0.30094550816245935,0.3156336969518829,0.30963841016756133
299,0.311303495782041,0.31756206757369343,0.30752363398061294,0.32243251997153877,0.31634728336767337
300,0.32507885942889314,0.3314018188103167,0.32119180126280417,0.33635015459929263,0.3301675659357796
301,0.3118649469116773,0.31811624291199203,0.3078996486248541,0.32306413779821663,0.31689289799006864
302,0.3266712619940692,0.3328328724668805,0.3224936644774173,0.3378521968407147,0.33161216474399247
303,0.3437615947115611,0.34996609469934126,0.3394822395783782,0.3550567351573072,0.3487325324009898
304,0.35630556116819634,0.36248467172124904,0.3519323985245629,0.3676112335133674,0.3612500290895065
305,0.3815590194234557,0.38806832661889534,0.37673233572870357,0.3936038344691346,0.38676805086491683
