aa,metascore_WT,metascore_Y45D,metascore_Y45G,metascore_Y45P,metascore_Y45K
1,0.24110110531287962,0.25188028326693074,0.2513952501961697,0.2512349562875842,0.25146585659204496
2,0.29060518927326556,0.31091203730058903,0.30659010078050486,0.3102844803071947,0.3105341510301625
3,0.324140217446671,0.34693679551590517,0.3428009206122741,0.3465558497207136,0.34671542433868335
4,0.36922617104079686,0.3938866232911424,0.3898017269060828,0.3935638850448597,0.393731504674997
5,0.3629119157696237,0.3863158960903903,0.38224755192570986,0.38608075969166505,0.3861636851634122
6,0.5346319191511769,0.559596373144714,0.555482947451069,0.559254488694822,0.5593653704225688
7,0.5337194639311009,0.5593662567801461,0.5552556651593838,0.5589634687930267,0.5591111085279562
8,0.5304846109818578,0.5556655734886077,0.5515515308460591,0.5552053311948726,0.5553811810972965
9,0.5223723311780881,0.5453058907730072,0.5411315016420228,0.544620889418961,0.5449015431793723
10,0.508271402150139,0.5260332102845318,0.5218196364892783,0.5251141207736465,0.5255463951464671
11,0.5081169978861546,0.5263730607821765,0.5221759875638984,0.5254952363510186,0.5259627770152917
12,0.40904658814971406,0.42363050563862037,0.4195849823209608,0.422966838629209,0.4234576152061711
13,0.3212784943494878,0.3352668270943159,0.3331378026463865,0.33314685980381636,0.33563558340263666
14,0.33535091325005245,0.350833482136861,0.35027597100415786,0.34712462845214787,0.35168410365913527
15,0.33882663725098866,0.3537532294780845,0.3538547580263079,0.3485646159854052,0.35501300531919877
16,0.34754420868510894,0.36384660757135706,0.36447140905116593,0.3573295216398635,0.36544588079029683
17,0.3765660536928484,0.3960305708370655,0.3956209137140764,0.3882210870158526,0.39792165003606306
18,0.38168326478588316,0.4016162726547772,0.4014527682845493,0.39264285388331327,0.40368407889950236
19,0.3726094982737805,0.3899356728405092,0.390073605658305,0.37991862714225416,0.39219650370605097
20,0.3635892080926727,0.37699264724921805,0.3774205982919281,0.36604947045967023,0.37940066701174696
21,0.3685967010290678,0.3785727759557468,0.3792388026132412,0.36674627897306133,0.3810717207486395
22,0.35909228785259745,0.3646734374373479,0.36556303994012423,0.3520697021098218,0.3672443009675147
23,0.3533731378498984,0.3559731615741965,0.3570818997549773,0.34265835722912524,0.3586407692860444
24,0.34347912730801394,0.3420049030529965,0.34332860507641566,0.32804547020088454,0.34477798664044285
25,0.3426916141996752,0.3406678887308581,0.34216142100634384,0.326065719082018,0.3435283278044641
26,0.3530102004240804,0.3538768000443883,0.35552381141381245,0.3387053581502099,0.3568193093604353
27,0.3637234770396482,0.369305926844779,0.3710054677406088,0.3536318699819976,0.37229832520633765
28,0.6097212286968121,0.6229911211258355,0.6247684827315565,0.6067639292385848,0.6260872245670429
29,0.8307904977387454,0.8498643612211448,0.851728294903976,0.8331406427309728,0.85302212906819
30,0.8618375458047361,0.8883737352674307,0.8904108966445217,0.871178435360953,0.8916668146137218
31,0.8703344790000113,0.8995453292596959,0.9016047665821069,0.8817076848213327,0.9029778117967308
32,0.8662525203563857,0.8935129106025641,0.895627400623408,0.8750703904726629,0.8970701537960037
33,0.863168792806857,0.8895988265932642,0.8917648342285638,0.8707568972758628,0.8932776100752851
34,0.8042747724861657,0.817812728997775,0.8203945081552814,0.797559042330866,0.8218224961573526
35,0.5787381180017453,0.565896397327014,0.5712653513340374,0.5405141553298829,0.5712062250499708
36,0.3909105801442109,0.3631421795769297,0.3731872681147408,0.3341897623631325,0.3690417580104591
37,0.6233610566933404,0.5398047206815969,0.6100583944978188,0.5101008612436622,0.5458706813148834
38,0.8350668651553013,0.804402234676643,0.8246847881757343,0.7232379753915198,0.8117364891382051
39,0.8378714366339118,0.8066316855276965,0.8272447551871339,0.7240356683954144,0.8140881754181625
40,0.8799432836896098,0.8216872975065161,0.8444841844491352,0.7406954063424823,0.8311794365680985
41,0.8950110592036786,0.8223238340921338,0.8495664870980227,0.7428333352111819,0.8319610053597749
42,0.9232300463195198,0.8349231445699453,0.8765262749813914,0.7573932392977923,0.8434101370578523
43,0.9352554307891104,0.8158988642939501,0.874085995184352,0.7267006125068096,0.8081904807378699
44,0.951517909530541,0.6156467826315893,0.6791554178926736,0.5208572840420682,0.6017987901738638
45,0.9638660741733808,0.6016501057586232,0.6730606466572244,0.36092715917901563,0.510319597285108
46,0.9423340107006318,0.5918147436720194,0.6600086372001163,0.4756465633300695,0.5415112306477096
47,0.9219233814971504,0.5850523728488285,0.6481359898548058,0.49660168656158743,0.5627447845911008
48,0.8568885624483423,0.535826820694124,0.597235020325901,0.4618022979996472,0.5186936884446612
49,0.8197269108601338,0.5153928842351404,0.5695783783113582,0.43942852579143543,0.4977115353524511
50,0.5144999801372472,0.4269466624795767,0.45129022785793904,0.3946473169566305,0.4442378392664776
51,0.4414959995478634,0.4088406842883395,0.4266154167658554,0.3721700527612251,0.4192998602903005
52,0.4270085737530661,0.3961739834368298,0.41336760362685504,0.36152561240587705,0.40507160602299835
53,0.30595577567571525,0.27773096835514244,0.2942201663167577,0.24474788631953295,0.28489868835909854
54,0.28512136838866453,0.26484065895084824,0.280788453562962,0.23330368038952612,0.27084367608275356
55,0.29017081554180296,0.27457752201298563,0.29014632967540793,0.24425611848873124,0.2796313865666247
56,0.3048265131432152,0.2963211805494024,0.31159402407562026,0.2671539329487188,0.3006441439564308
57,0.30357851149366044,0.2964616780200211,0.311415314079354,0.2682917012712906,0.3003596766466651
58,0.2998495729409252,0.2934017702892686,0.3080301655474292,0.26616786781840307,0.2970206413594767
59,0.29697116801090734,0.2911495515994782,0.30544263711558717,0.26486854327442305,0.2945929784588307
60,0.28934293855602683,0.28239781969894057,0.29641712164787143,0.2570561305980971,0.28570513462034636
61,0.2741099706323324,0.2634175933944089,0.2771468926771069,0.2389830155797285,0.26650647055560356
62,0.2515823982984251,0.23915244255048315,0.2525045090507193,0.21575422785424012,0.2421677330084405
63,0.23679971837378255,0.22411057457614503,0.23719448039078933,0.20469499532755117,0.22693008623594005
64,0.24940827970201968,0.24144677567472125,0.25433379598299344,0.2231679854907249,0.24395653439041873
65,0.2844177545354106,0.28056288420372333,0.2955142039869109,0.26570865716579634,0.28160818895433715
66,0.32437170123849973,0.3321732040590104,0.341655585892763,0.3182935457225682,0.33300625490970936
67,0.5359190159214078,0.5532902160049203,0.5624612430704707,0.5404070914650727,0.5539030863789627
68,0.5441530735315528,0.565143617291929,0.5740515955699695,0.5533282729593987,0.5655489873351661
69,0.5289880494625175,0.5683123849512856,0.5652899226582204,0.5577580141898686,0.5686275093411395
70,0.5108360005019262,0.5469363860696853,0.5437493849742056,0.5378164867059776,0.5471473276487926
71,0.4848203523220453,0.5198466521484293,0.5165356293422128,0.512067377521261,0.5199654255832843
72,0.4833609534236891,0.5217636103483126,0.5181865865347318,0.5153710216376164,0.5219086570133515
73,0.30639407221197706,0.34595826136842,0.34216159814620933,0.3409604687250395,0.34626312862850844
74,0.5234369441740571,0.5693816257190909,0.5653043182215916,0.565806382768037,0.569644259990096
75,0.530716813877127,0.5806509143521988,0.5763508749993232,0.578214831668355,0.5809014782514067
76,0.5333811459691432,0.5860218332136209,0.581490999033566,0.5847413279925601,0.5862437180778738
77,0.5221557440025631,0.5730878454386812,0.5683056183675333,0.5729002781240586,0.573280183753522
78,0.4687737697641489,0.5120715468759529,0.5072318383864491,0.5119623342564859,0.5123686588009427
79,0.42433186626392705,0.4602751398572778,0.4553858753809264,0.460119503104196,0.46070856860749526
80,0.20701987093540644,0.23381716288564247,0.22937078508567865,0.23370596146251404,0.23416247366952192
81,0.124743628679685,0.13779286929866555,0.13760732457403227,0.1377003532310268,0.1379241538883787
82,0.10888454334172948,0.11884463715511963,0.11840878534456421,0.11851983110497875,0.11889973791788752
83,0.1330124787069023,0.1440188364554466,0.1437791781647874,0.1438699033765446,0.14411770562071194
84,0.1504282900193867,0.16336572507005342,0.16314785325670317,0.16324323180335926,0.16340605493320903
85,0.1620597401715178,0.17709972193602674,0.1768925132177616,0.17695219548492466,0.17715237958746308
86,0.16290138228639028,0.178187792032657,0.1779964898632087,0.17804239365446733,0.17826056991454048
87,0.16383569075311089,0.1788281226986452,0.17864109089366365,0.17867675511327843,0.17891718946079935
88,0.1591229015284,0.1708778042795478,0.17077725946258482,0.17074128864666155,0.17115324133240095
89,0.13640931021717,0.14496352241929367,0.14500043202583954,0.14487816492728503,0.14596186103596287
90,0.14689412512427322,0.15367594159151923,0.15378227323210356,0.15366377052803334,0.1551022640595839
91,0.19132723188410108,0.19854099341023104,0.19855105833047285,0.19853810791401214,0.1998147761041624
92,0.22920020202804248,0.24046409320690795,0.2404550664955441,0.24048220718092542,0.24101247728887687
93,0.3316722392400081,0.34692564941087517,0.34690151859216845,0.34692879834731133,0.3473321632763057
94,0.4140638483687324,0.43546376550592325,0.4354566950452226,0.4354661487475901,0.43592069099873526
95,0.45710185241500156,0.48764008729563973,0.48357216165339123,0.4876270443572634,0.48807763735021026
96,0.4527780315124456,0.48247530346459006,0.4784151531819118,0.482463637588777,0.48290923838671923
97,0.4461973434768754,0.47621949609357056,0.47215471182505003,0.47619924897331134,0.47667915250250464
98,0.4515949762416214,0.4818959427571867,0.47782092209875837,0.48186529957631313,0.4822999877309328
99,0.46342928737822825,0.4940372374042249,0.48997157714335365,0.49399173965846754,0.49440455599569166
100,0.46871130200599015,0.5010767908817426,0.4965555912672575,0.5010031884409457,0.5014202398030111
101,0.48501910740841947,0.5215236908559095,0.5169981781905298,0.5214447976956937,0.5218632904043109
102,0.4868245262060974,0.5242913197140393,0.5197729167571002,0.5242124492687502,0.5246355456484038
103,0.4725309370318098,0.5066919559672852,0.5021649114625341,0.5065865353387294,0.5070564084821437
104,0.4538524135391628,0.48383321235797283,0.4792803109066444,0.48368920337495647,0.4842476652982126
105,0.4147370497873726,0.44043522781842614,0.43585544943548526,0.4402652670000238,0.4409810918767245
106,0.3385691432051478,0.3586715926859806,0.35405625518226813,0.35848591608849045,0.3594771080741742
107,0.18134039714177907,0.19770396116158176,0.19309085590994463,0.19755584304226692,0.19843925077107802
108,0.17186587752262175,0.1883049034346041,0.18370381002639657,0.18815071638323477,0.18893691027102907
109,0.16872592512560794,0.18757011179114622,0.18294336367898326,0.18731561769143434,0.18799092354852015
110,0.17228667904782766,0.19237112039592813,0.1877326674114528,0.19201236070245842,0.1923146632473706
111,0.17509082200121945,0.19565646818901947,0.19103110422339417,0.195289988462099,0.1955310304101047
112,0.17090982196443244,0.19062038896284686,0.18598081688910578,0.19023179472301868,0.19042491757203955
113,0.158307080180649,0.17471385868133665,0.17004362464097186,0.17430658928845236,0.17451027888314058
114,0.14602666418159926,0.15805486655277096,0.15314577744660895,0.15739855359207094,0.1576859937793486
115,0.15104079143454685,0.16180319889486122,0.15688042643024278,0.16120375704852108,0.1614302610574711
116,0.19981541533194863,0.21398018385595652,0.20931871971657792,0.21373797413371548,0.21380925472196222
117,0.2281971067935575,0.24644332370004587,0.2419059392498391,0.24625030702820547,0.24637634765603947
118,0.2785680884212129,0.30488289451119943,0.300406722632962,0.3047649272852442,0.3048435670791301
119,0.32111634335741457,0.35714481683398824,0.35266250941601734,0.3570428854050063,0.3571007555688711
120,0.336160698612469,0.37715357436279245,0.37267611510134485,0.37705755828461446,0.3771159361066036
121,0.3368078840711353,0.3783791431867429,0.37391323669658555,0.37829141017533746,0.37834704923477963
122,0.3148768435239111,0.3519228122304742,0.3474519810444652,0.3518376233366131,0.35189252480071526
123,0.2753605751792276,0.306694607444828,0.3022118099494568,0.30658388600181863,0.3066781036246573
124,0.15305994356295968,0.16553134161109068,0.1657103050127475,0.16526964095424307,0.1660628086181415
125,0.1163679735612985,0.12133301139039676,0.12157626891827672,0.12108768541118549,0.12206799430648305
126,0.10169559851277235,0.10562923028790433,0.10610871190159137,0.10546818474749302,0.10623322126960592
127,0.10934407105999724,0.11752659319140285,0.11818465031315295,0.1176098275185241,0.11799879928319419
128,0.15925372390858086,0.17492582422281105,0.1757464717441365,0.17499634829126565,0.17538192047247297
129,0.20343049207134226,0.22692882746889115,0.2278428706316727,0.22709026420893835,0.22742285979745697
130,0.44799254678088074,0.485455967019659,0.4860957877619047,0.4854411773436435,0.4854646597262033
131,0.48469942191341414,0.5301400897938097,0.5307820236484604,0.5301008810685187,0.5301323842546416
132,0.4973162863405163,0.5448484374079577,0.5454376190027058,0.5448040128007172,0.5448239320433115
133,0.49022468352812226,0.5346839462085394,0.5352646049766591,0.5346366734678694,0.5346522927265734
134,0.46448891711896784,0.501353668650554,0.5019785894501579,0.5012847328806432,0.5012933886780521
135,0.4477803534493127,0.47970010413698366,0.4803063513202283,0.4796228469839669,0.47962356581558974
136,0.4108110067550937,0.43627099696585964,0.43650012070072824,0.43621342353239045,0.43616047486235904
137,0.3308667717904716,0.3501549446582337,0.3503682086523684,0.35007889793094105,0.35001594707486955
138,0.16254359510171482,0.17856278207484022,0.17862996525905075,0.17846172527516055,0.17849761069657522
139,0.15865425026511928,0.17470568588393257,0.17469447838867858,0.17461191631161746,0.17465797983959885
140,0.20502536712213065,0.23131587489256245,0.22707068691548862,0.23122130918798414,0.23124821030902087
141,0.1998385559480685,0.2255683757985484,0.2212577518061225,0.22546231743257744,0.22544669788352673
142,0.24767733308601123,0.27514235159079403,0.27080952997886526,0.2750026132990767,0.2750002004917444
143,0.2822459858531557,0.31195877720059095,0.3075647987445515,0.3117503699297485,0.311773414296713
144,0.31764615713325883,0.35133554320685184,0.3469840345402783,0.35118064069069055,0.351163566842573
145,0.3220543182372686,0.35621576532371596,0.3518618203532824,0.3560550656463221,0.35605044258757407
146,0.4663672076209994,0.5009905645642597,0.496665000507733,0.5008604705442772,0.5008461656055213
147,0.4678534521482233,0.5026758457592518,0.4983517851648406,0.5025471752917322,0.5025322548741923
148,0.4508644876845618,0.48363423909045605,0.47933733161095304,0.483540631135761,0.48352775111475665
149,0.43826631998229687,0.46840667904084515,0.46414447323355373,0.4683611353736573,0.46831184590416125
150,0.4253977585635228,0.45208967469786027,0.44782788879717944,0.45205739181508775,0.45200606466087134
151,0.43073528537391653,0.45705143058299996,0.4528039264022212,0.4570302585613543,0.45698542614957405
152,0.4368092522900609,0.46404899430449303,0.4598061476278383,0.4640270941264349,0.4639868619500931
153,0.43930250914046887,0.4672615117980269,0.4630276216129264,0.4672479873005167,0.4672002385247202
154,0.4453406770883802,0.4754989737371673,0.47126413023931546,0.47549051388145447,0.4754327063624432
155,0.45472018686983295,0.48840782891951956,0.48417725278065393,0.4884024436062973,0.48832773658485557
156,0.46297481413852987,0.49984903400924285,0.4956234648562485,0.49984500212462357,0.4997652494325105
157,0.4562891054294488,0.49431650710849045,0.4900960452735441,0.49431653503275447,0.49421939928939945
158,0.42565886240545514,0.4622153401016584,0.45826534289788706,0.46223747175554886,0.46211632091326293
159,0.2742926104532791,0.3118407393338593,0.30788368645990366,0.3118612835292837,0.3117330309180774
160,0.33367446215995084,0.3737950065452542,0.36945331704549567,0.3737946409886519,0.37373076523294974
161,0.33558755785804967,0.37505415155539507,0.37071128341743237,0.37504973662380253,0.37499298627558486
162,0.3388447487907903,0.37773022024409536,0.3733827655029382,0.3777252844817944,0.37767766345521175
163,0.516708399156817,0.5588234446861875,0.5544999719508882,0.5588144190854868,0.5588096154190433
164,0.5194709469210879,0.5623165213635661,0.5579939390817811,0.5623073301985739,0.5623033411837864
165,0.521030944429507,0.5646256129228461,0.560304327288627,0.5646179755004852,0.5646132619708603
166,0.5220675622513483,0.5664257391314368,0.5621052730182232,0.5664192922579935,0.5664136941986884
167,0.5297903341006717,0.5765416809343851,0.572221784263496,0.5765352735135303,0.5765300509013543
168,0.5340658446516162,0.5819049971623182,0.577585951857889,0.5818979276981064,0.5818957142977113
169,0.47427933352167256,0.5186456980835312,0.5143267546204798,0.5186383587887766,0.5186389828649
170,0.4797058737928038,0.5255282815017122,0.5212092591012697,0.5255201450851404,0.5255274138593958
171,0.4728237232235942,0.5168553287295748,0.5125364026468935,0.5168469677476074,0.5168553287295748
172,0.42713662869492636,0.4664467530001122,0.46211810855909097,0.466449752351534,0.4664437499155797
173,0.5073394052194626,0.5442272574554643,0.5398977079943698,0.5442302717661802,0.5442237392819722
174,0.5062009042697972,0.5427741994256269,0.538444061629083,0.5427759184971457,0.5427714239070349
175,0.5021489071102561,0.5382150202596827,0.5341048802200696,0.5382160880040177,0.5382091313464332
176,0.49936646326352724,0.5342015597749619,0.5300913619334167,0.5342016054651987,0.5341942036867947
177,0.5038338000553647,0.5408800906533243,0.5367698454665994,0.5408788327306909,0.5408717725285053
178,0.5139837951282632,0.554404751236589,0.5502945041076471,0.5544020296334925,0.5543960555376953
179,0.5124606274239337,0.5532751557763455,0.5491648456634002,0.5532732065012351,0.5532639650458447
180,0.5053729727969061,0.544517038655712,0.540406814619395,0.5445158123500576,0.5445041690823947
181,0.5007184065929992,0.5391578582661368,0.5350475762324126,0.5391568862535648,0.5391444661337589
182,0.4825143603735171,0.5178722604474817,0.5137610173188709,0.5178762927900087,0.5178531747729466
183,0.45112542468753547,0.48312714506983223,0.4790138025316559,0.4831367765283239,0.48309735463035886
184,0.42671043027433175,0.4544967319877965,0.4503806448644626,0.4545105864354901,0.4544591562345458
185,0.39118852314385655,0.4150662958570397,0.4109442641606269,0.4150848541383336,0.4150151617573168
186,0.21121874189475315,0.23163448073789736,0.22751115383142684,0.2316554776403226,0.2315762514286945
187,0.21884564155028305,0.23690486025900068,0.23278139352486937,0.23692691627858173,0.23684535424323105
188,0.22580352777020227,0.24273309743740779,0.23860963502870267,0.24275650818180022,0.2426713928957157
189,0.14052673087837556,0.14643021350614024,0.14639620613155227,0.14646349328285924,0.14636020209952244
190,0.1085447579932648,0.11359044407651027,0.11355550266256652,0.11359565687014668,0.11363664216721579
191,0.07881344693122484,0.08525436268266706,0.08524022307024816,0.08518634094977084,0.08546753413540545
192,0.0937682480366853,0.1017567035868123,0.10149763522298974,0.10143656279977988,0.1017869705163622
193,0.11360051127756451,0.12488054843953175,0.12447678897153823,0.12442023142320953,0.12471724397543606
194,0.11564483418463553,0.1311269389701002,0.1306057617665485,0.1305866590813231,0.1309755244350978
195,0.131156558114971,0.1516662290676031,0.15120281235145272,0.15119271453314884,0.15151595521256472
196,0.12820646894010748,0.15029117985025467,0.14982128342940942,0.14981109285407923,0.15014307172402533
197,0.11312501833878859,0.13176194460145244,0.1311921425007139,0.1311931775305954,0.13161292139540906
198,0.08994001616247692,0.1065096898151223,0.10614899116898696,0.1061435485711555,0.10638176400444252
199,0.07188199138401154,0.08462746708764808,0.08431020598239192,0.0841904625269707,0.08450901177054979
200,0.06912633211853823,0.0792727214933083,0.07906968424553819,0.07891353056484608,0.07915081812131769
201,0.16998894497394443,0.1805062637440065,0.1804694966902802,0.18028198047853367,0.18042727656411736
202,0.4787912535245549,0.49366010634229546,0.4935909668582179,0.4935252835101118,0.4935248344321705
203,0.5069031686027654,0.5346912519060757,0.5346255833009973,0.5346091294054383,0.5345620140195422
204,0.5268418727522208,0.5586387707568917,0.5585811184135662,0.558575821403404,0.5585161333265264
205,0.5365822638529071,0.5711030729882284,0.5710506686549823,0.5710408177213825,0.5709831499657119
206,0.5443976541288009,0.5808185831275456,0.5807846386011656,0.5807584527066275,0.5807065669415747
207,0.5358736959071677,0.570456673943696,0.5704202112611653,0.570400833630221,0.5703375635278732
208,0.32785579723323066,0.3560433192179316,0.3561477417672215,0.35597973424157586,0.3560018449321023
209,0.11564184884835224,0.13103645623743654,0.1311495288449295,0.13098965521029896,0.13099673579300986
210,0.09043148599899642,0.10041105808190809,0.10047579064368682,0.10034356614923695,0.10042122150644249
211,0.07538234461353925,0.08065640631889077,0.08064938518210338,0.08055757248262406,0.08064495172010794
212,0.06341716305762707,0.06513597182272138,0.06507988161499872,0.06500583002888724,0.06505776349938708
213,0.07169312605077244,0.07207713929464639,0.0719841965135024,0.07199307493208125,0.0719360051031725
214,0.07827776050112793,0.07923546252685598,0.07914618471751893,0.07911915732962557,0.07905195735071249
215,0.08486291094309051,0.08721189989035832,0.0870778306726467,0.0870318333834293,0.0870308339092285
216,0.12410324569104089,0.1317583444469868,0.13157271948415733,0.13151104750499554,0.13152056742351065
217,0.15522704555131678,0.16792831540991107,0.16773535340038617,0.16771095760993351,0.16771679556387104
218,0.1654817308311268,0.18116438399687232,0.18098012398624078,0.18095726525663933,0.18096041818437267
219,0.17885895227470208,0.19909154967374115,0.1989071852847264,0.1988826095560301,0.1989033905788406
220,0.19122313932093488,0.21588771778791815,0.2157080556445692,0.21568296089941355,0.21571568490721652
221,0.18719009669135928,0.21214259207093594,0.2119559214387819,0.211932089103806,0.21197342099970792
222,0.13698365050801864,0.15728942944468463,0.15704638151420702,0.15694219430066272,0.15753373336153564
223,0.12045091550993581,0.1385776567733984,0.13842410592787063,0.13835953212383834,0.13901221942546213
224,0.11521634867476459,0.13332662529636982,0.13317254346443505,0.13308851211061762,0.1338542069906271
225,0.09107189037964476,0.10524372631201756,0.10522062788281511,0.1050609567796348,0.10567145986096166
226,0.08555195837487925,0.09559885023066234,0.09577757970190004,0.09537110700653549,0.09578820537601831
227,0.08847968149445153,0.09891538398810272,0.09915370038491887,0.09872665884519613,0.0989913009145896
228,0.21097253567715202,0.2256704176001763,0.2260184833205082,0.22550945431162653,0.2257787472171867
229,0.22370407250626528,0.2414034380301919,0.2417436995997683,0.2412565423148806,0.24150093423696534
230,0.2336747638849103,0.2536936913206869,0.254018743723391,0.2535252285953835,0.2537537882959255
231,0.2608379171140349,0.28840324065949247,0.2886459109220805,0.2882603407174819,0.28841491358022464
232,0.2713800192169186,0.3016324233922483,0.3017565753781787,0.3014650564365423,0.30156477148774696
233,0.28145192669020985,0.3146414583413922,0.31474111537285077,0.3144637972952887,0.314672026687198
234,0.16714267535678062,0.1969636363174451,0.19701994141264237,0.19678911226461535,0.1970048585686537
235,0.17192196113704927,0.20121612071601547,0.20126089932832872,0.20106249553407482,0.20126230118604108
236,0.1621347772717534,0.18894483870290799,0.18897221369331998,0.18886269825055788,0.189141184621385
237,0.3577522538209983,0.38158392310214767,0.38156980365822224,0.38157568896334715,0.38156939518966654
238,0.3774790414354771,0.4020363417820068,0.40202979758447444,0.40202317083755595,0.4020065073637486
239,0.39104264193275384,0.4147842937929551,0.4147705771896617,0.4147726806309267,0.4147523222591615
240,0.4202893415940922,0.4483676157896204,0.4483394770773887,0.44832994164167733,0.448357615200004
241,0.4269017641617403,0.45618640224110196,0.4561596905040739,0.4561483794332442,0.45618472278432387
242,0.4417269878526749,0.47456941694408683,0.4745458527310976,0.4745299549837012,0.47459386918288426
243,0.4460140377083269,0.48042955701255385,0.48040621824360547,0.48039009324919846,0.48045568403090866
244,0.428355635288661,0.4618168721309651,0.46181656554439726,0.4618001999169923,0.46189930093870546
245,0.4314174057859723,0.4670638411696192,0.46706667478479685,0.46704997621884725,0.4671528833853775
246,0.4095115288204855,0.44166380423514245,0.4416733625142207,0.44165403663480035,0.44178107546936723
247,0.39526549418928725,0.4264159753793582,0.4264412698984271,0.42639496606055477,0.42662233976046726
248,0.18933423106855468,0.21680977811975438,0.21681858478932634,0.2167519456400561,0.21715696844000967
249,0.1744654256357876,0.19825859571682283,0.1982580765614815,0.1982032005324628,0.19863642661640993
250,0.1420961828325833,0.16311574959607708,0.16311675535445827,0.16293798664426687,0.1647543813381821
251,0.1161492039343564,0.13360269415279907,0.13353648980555624,0.1335596362817685,0.13386141087024164
252,0.0800292407524194,0.09425750628447122,0.09412999134170157,0.09415011386818413,0.09452897521519073
253,0.0782801657216882,0.09094568185535172,0.09071936617395882,0.090761923557184,0.09095853202147436
254,0.09135202012988804,0.10279651178157473,0.10260292795385591,0.10265196272483744,0.1027786655702838
255,0.09963711099024604,0.10935611405160697,0.10914065056816337,0.10918010292528979,0.10934174936548126
256,0.09721732371797959,0.10450710130544714,0.10424052578571195,0.10427759892227048,0.1044728147426116
257,0.10862470759799564,0.11379489874518495,0.11342524959000845,0.11345956610687549,0.11370721426461522
258,0.2041248666989406,0.22040666795164268,0.21493115664027362,0.2201333497942114,0.22025977553157114
259,0.2062124366308682,0.22090577698560415,0.21543809038603737,0.220639374408511,0.22076902994697803
260,0.21724647471335617,0.2336927058637549,0.2282002843824749,0.2333949234920802,0.23354977511497094
261,0.22753717113319413,0.24568934623856395,0.24021163586723013,0.24540242448830576,0.24554395692356992
262,0.2318576502480233,0.25106157499267295,0.2455752455097639,0.2507642608107389,0.25091638670098
263,0.22301446754682255,0.2412942620606264,0.23569645029675948,0.24087328189703383,0.24114080552342243
264,0.21499305651727577,0.23196561812383076,0.2263757036664221,0.23154640940960786,0.2318372324626183
265,0.20251046171303758,0.21905056572015366,0.21335791055865377,0.21851093428656507,0.21894645420961553
266,0.17934991569797332,0.19323977262487552,0.18754588726774435,0.19269327723515148,0.19328609249242504
267,0.1574355495642666,0.16980508727181845,0.1641454415063051,0.16928800412117892,0.17013430911336117
268,0.14588577701933317,0.15870558533018173,0.1530786578468313,0.15821033558828773,0.15904920927085955
269,0.15608522290603172,0.17217893277246726,0.16645907453725625,0.17147899823837845,0.17214328650741517
270,0.20783639782161506,0.22979242802819502,0.22440443880823577,0.22947423724309607,0.229521914042936
271,0.22041766144025624,0.24663835617755023,0.24143665401190428,0.24637608037770878,0.24641715485966129
272,0.4168610673419703,0.4488467808279445,0.4438237517924627,0.44862135225152855,0.4486763031793346
273,0.45115072568384157,0.4890121803093607,0.4840138579653554,0.48888788147885065,0.4889182716099289
274,0.4614850462854456,0.5017012260295438,0.496727692233651,0.5016196242852958,0.5016756486735687
275,0.4608695328694579,0.5004299609740993,0.4954615921598419,0.5003522523972542,0.5004467854495056
276,0.4663270320334976,0.5060437343495965,0.5009803250596385,0.5059115341954875,0.5062299381237446
277,0.46099211030012455,0.4997301118421548,0.49457110384661596,0.4995913297148267,0.5000001677407181
278,0.3854420677373492,0.4214281672384758,0.41622171573530437,0.4212813238817747,0.4217439163131242
279,0.4512833755323193,0.48502227013676713,0.4798183913463583,0.48491378106102506,0.485223349761012
280,0.45203544246872496,0.4838472290020109,0.47862969342393796,0.483729307840633,0.4840168691860133
281,0.44598419629808467,0.47522355767001384,0.4712217144789601,0.4751141729188918,0.47535687314208735
282,0.4418620174531319,0.46965894551641735,0.46565625135277056,0.4695494380241278,0.46976928371718846
283,0.4255824961929413,0.45043632590364474,0.4464104442791723,0.4503037700906438,0.45056588869917896
284,0.4126416764404445,0.43649837541158254,0.43248768731276394,0.4364023699556016,0.43660662765292363
285,0.3797432581687027,0.4019158820964682,0.39794132369278157,0.40188976464051607,0.40204268309661273
286,0.37822246044578933,0.40181405932197156,0.39784654417532367,0.40179491667360245,0.4019744418222401
287,0.2847880747581926,0.307028487303679,0.3030471029307881,0.3070065518687457,0.3072143044745135
288,0.20207292134158994,0.22258467108612712,0.21860280730635123,0.22256905996938298,0.2227864565271328
289,0.20305957937053667,0.22451509468125325,0.22052629089584125,0.22450375519597443,0.22468142344358122
290,0.36958657561598185,0.39223372852131405,0.38823206456687903,0.3922039483291966,0.3924137591122022
291,0.3811153422351476,0.40461577256481385,0.40061680567794217,0.40458663905635245,0.4047672504960616
292,0.38129695277842346,0.4028341042682463,0.398839052512826,0.40280276768692885,0.4030119279705786
293,0.38902299190443274,0.41209460585372754,0.4081066958517059,0.4120645228462822,0.41228745400488753
294,0.39325135822535523,0.4169785681685179,0.4130033443381986,0.4169508998483176,0.4171896359917116
295,0.3982460202401659,0.4227370148134619,0.4180891526788547,0.42270421536696917,0.4229790565665392
296,0.22241426072329099,0.24335227372911394,0.23878186715076763,0.2433281705060374,0.24370310604507112
297,0.2337836491070494,0.2539841783248951,0.24946046324138327,0.2539397765820533,0.25425759278754934
298,0.2861452372583934,0.3092159257687112,0.3046890547570807,0.30917099479923676,0.309202188973476
299,0.34127943866301025,0.3677129129627932,0.36308869921006176,0.367730698505678,0.367595526111582
300,0.371264518326361,0.4007293926078746,0.3960998202710778,0.40075300895310273,0.40062729865554625
301,0.42435936722504286,0.4586961116123225,0.4540360157782525,0.45871655443982334,0.45863189814804844
302,0.44018153989156783,0.47913652708584703,0.4744761849594737,0.4791567594533228,0.4790728050984445
303,0.45369084588973774,0.49672070000614393,0.4920609673874139,0.4967405694961711,0.4966594728143492
304,0.4529398662328666,0.4960110263421027,0.4912921710964943,0.49603058393873084,0.49595098872579546
305,0.43784355034382805,0.4820027445742124,0.4772764013776571,0.4820119069770361,0.48194161724191403
306,0.47187105196384527,0.5202745140536044,0.5155132447708798,0.5202329337791463,0.5202003016621294
307,0.4927608097786316,0.5429305805623094,0.5381399812934693,0.5428470781212394,0.5428472884601336
308,0.5216672650053035,0.5756753654858341,0.5708794840120696,0.5755823280823367,0.5755943822475842
309,0.5330100462881677,0.5903462109375374,0.5855471455437316,0.5902514563306235,0.5902654199559317
310,0.8220839706190457,0.883973200763532,0.8791749204838208,0.8838776607298561,0.8838949388609383
311,0.8227989362457514,0.8850270213583668,0.8802314442608387,0.8849347933750924,0.884951958675597
312,0.8046246539112728,0.8629202697603812,0.8581640971019139,0.8628773639252991,0.8628792194737265
313,0.7961865196200691,0.8526409656125912,0.8479024991221807,0.8526213707888868,0.85260846697141
314,0.7729525329199065,0.8237774905990665,0.819041952795448,0.8237691865323831,0.8237447639198109
315,0.7210261347497213,0.7657325765909836,0.7609975022038378,0.765742017202037,0.7657049843485184
316,0.48738605146754727,0.5268797613213869,0.5221448096624128,0.5269091976805504,0.5268247713072061
317,0.359936913069461,0.3966618632118276,0.3919356652787493,0.39669596564448845,0.39672984163715036
318,0.3656988375534098,0.4022930625228424,0.39756917026192906,0.40230393275140075,0.40239060790204745
319,0.3228671832561969,0.3562968306112124,0.351568366991715,0.35629913719715395,0.35639767892390933
320,0.34380273725349203,0.3780864603669203,0.3733535486334814,0.3780701705055386,0.37819347512604234
321,0.3413011401106317,0.374007945773088,0.36927329953652205,0.37397772260301027,0.37412580016770836
322,0.3460419670920648,0.3787746096955173,0.3740467917660547,0.3787122723494378,0.3790200071906508
323,0.355781513598905,0.3893112188885681,0.38460824318565,0.3892409908743305,0.38966670135232045
324,0.47912064270070576,0.5136001952511342,0.5089110573121137,0.5135440426898996,0.5139083076651202
325,0.4926471271502424,0.5307143569458449,0.5260264223096824,0.5306527943624604,0.5310095251427288
326,0.49484869172772317,0.5343033826240342,0.5296282520734289,0.534237755129357,0.5346465652971454
327,0.5105142003690217,0.5548642282068007,0.5501947008268256,0.554796170124933,0.5552039032911043
328,0.5089974530391126,0.5543323352884675,0.5496710418766102,0.5542538719939762,0.5546952072845023
329,0.48653513733248815,0.5293138704658736,0.524693533098767,0.5291976669137806,0.5297037470187541
330,0.42991777958304583,0.4687333793828506,0.4641075523006634,0.46855692024888085,0.4690341147723225
331,0.41443616916476533,0.4509114313307829,0.44628729096949055,0.45070912215369685,0.4511430391707682
332,0.38729120662468086,0.42063169850736476,0.41655101942799067,0.4203722865593901,0.420570078799418
333,0.3028352309543574,0.33137965129724695,0.32730511209734336,0.33118293603757065,0.3314177033510518
334,0.1838422817184218,0.19945645067138115,0.19950835244991844,0.19934033085848898,0.19958069878520002
335,0.14856355735839327,0.1624971352144048,0.1624971352144048,0.1624971352144048,0.1624971352144048
